"","Reporting.country","Counterparty.country","X2018.Q2"
"1","Australia","Afghanistan",1.094
"2","Austria","Afghanistan",0.026
"3","Canada","Afghanistan",0.027
"4","Ireland","Afghanistan",0.006
"5","Italy","Afghanistan",4.092
"6","Spain","Afghanistan",0.73
"7","Sweden","Afghanistan",0.122
"8","Switzerland","Afghanistan",0.416
"9","Australia","Albania",1.027
"10","Austria","Albania",886.911
"11","France","Albania",385
"12","Greece","Albania",606
"13","Ireland","Albania",0.287
"14","Italy","Albania",687.918
"15","Japan","Albania",0.1
"16","Spain","Albania",2.599
"17","Sweden","Albania",0.074
"18","Switzerland","Albania",4.49
"19","Turkey","Albania",241.73
"20","United Kingdom","Albania",6
"21","Austria","Algeria",0.218
"22","Belgium","Algeria",24
"23","Canada","Algeria",0.604
"24","Denmark","Algeria",3
"25","France","Algeria",668
"26","Japan","Algeria",0.6
"27","Spain","Algeria",55.759
"28","Sweden","Algeria",25.586
"29","Switzerland","Algeria",85.683
"30","Turkey","Algeria",0.168
"31","United Kingdom","Algeria",140
"32","Australia","Andorra",0.002
"33","Austria","Andorra",0.752
"34","Belgium","Andorra",4
"35","Chinese Taipei","Andorra",29
"36","Denmark","Andorra",4
"37","France","Andorra",118
"38","Portugal","Andorra",11.143
"39","Spain","Andorra",1568.047
"40","Sweden","Andorra",14.568
"41","Switzerland","Andorra",735.982
"42","United Kingdom","Andorra",127
"43","Australia","Angola",0.946
"44","Austria","Angola",2.328
"45","Chinese Taipei","Angola",22
"46","Denmark","Angola",2
"47","France","Angola",1593
"48","Portugal","Angola",2580.23
"49","Spain","Angola",1663.066
"50","Sweden","Angola",74.536
"51","Switzerland","Angola",147.877
"52","United Kingdom","Angola",367
"53","Australia","Argentina",110.032
"54","Austria","Argentina",37.538
"55","Belgium","Argentina",2
"56","Brazil","Argentina",3404
"57","Chile","Argentina",96.186
"58","Chinese Taipei","Argentina",14
"59","Denmark","Argentina",16
"60","France","Argentina",1515
"61","Ireland","Argentina",0.081
"62","Italy","Argentina",117.498
"63","Japan","Argentina",591.4
"64","Panama","Argentina",1069
"65","Portugal","Argentina",22.982
"66","South Korea","Argentina",141.992
"67","Spain","Argentina",10772.111
"68","Sweden","Argentina",22.671
"69","Switzerland","Argentina",3892.641
"70","Turkey","Argentina",0.001
"71","United Kingdom","Argentina",7196
"72","United States","Argentina",10367
"73","Austria","Armenia",46.076
"74","Belgium","Armenia",39
"75","France","Armenia",157
"76","Greece","Armenia",18
"77","Ireland","Armenia",0.171
"78","Italy","Armenia",42.821
"79","Japan","Armenia",6.7
"80","Spain","Armenia",14.887
"81","Sweden","Armenia",96.152
"82","Switzerland","Armenia",134.33
"83","United Kingdom","Armenia",486
"84","Australia","Aruba",0.466
"85","Austria","Aruba",1.986
"86","Belgium","Aruba",1
"87","Spain","Aruba",0.711
"88","Switzerland","Aruba",312.243
"89","United Kingdom","Aruba",56
"90","Australia","Australia",62082
"91","Austria","Australia",884.605
"92","Belgium","Australia",1486
"93","Brazil","Australia",48
"94","Canada","Australia",18986.369
"95","Chile","Australia",6.65
"96","Chinese Taipei","Australia",14960
"97","Denmark","Australia",203
"98","France","Australia",22112
"99","Greece","Australia",83
"100","India","Australia",790.421
"101","Ireland","Australia",752.32
"102","Italy","Australia",2016.711
"103","Japan","Australia",102792.504
"104","Netherlands","Australia",5427.965
"105","Panama","Australia",41
"106","Portugal","Australia",137.062
"107","South Korea","Australia",6247.806
"108","Spain","Australia",2749.426
"109","Switzerland","Australia",19166.289
"110","Turkey","Australia",8.064
"111","United Kingdom","Australia",35884
"112","United States","Australia",40061
"113","Australia","Austria",597.824
"114","Austria","Austria",27166.043
"115","Belgium","Austria",1237
"116","Brazil","Austria",748
"117","Canada","Austria",2390.223
"118","Chile","Austria",62.602
"119","Chinese Taipei","Austria",557
"120","Denmark","Austria",2042
"121","Finland","Austria",627
"122","France","Austria",15931
"123","Germany","Austria",59429
"124","Greece","Austria",564
"125","Ireland","Austria",195.889
"126","Italy","Austria",16103.063
"127","Japan","Austria",5926.8
"128","Netherlands","Austria",9224.975
"129","Panama","Austria",1
"130","Portugal","Austria",432.833
"131","South Korea","Austria",160.422
"132","Spain","Austria",3386.499
"133","Switzerland","Austria",12019.771
"134","Turkey","Austria",262.298
"135","United Kingdom","Austria",11623
"136","United States","Austria",14823
"137","Australia","Azerbaijan",0.756
"138","Austria","Azerbaijan",307.746
"139","Belgium","Azerbaijan",106
"140","Denmark","Azerbaijan",2
"141","France","Azerbaijan",1522
"142","Japan","Azerbaijan",225.8
"143","Spain","Azerbaijan",4.52
"144","Sweden","Azerbaijan",0.501
"145","Switzerland","Azerbaijan",180.886
"146","Turkey","Azerbaijan",109.852
"147","United Kingdom","Azerbaijan",336
"148","Australia","Bahamas",1399.29
"149","Austria","Bahamas",18.758
"150","Belgium","Bahamas",22
"151","Brazil","Bahamas",11765
"152","Canada","Bahamas",4318.62
"153","Chinese Taipei","Bahamas",34
"154","Denmark","Bahamas",77
"155","France","Bahamas",2345
"156","India","Bahamas",456.647
"157","Ireland","Bahamas",11.079
"158","Japan","Bahamas",1730.946
"159","Panama","Bahamas",174
"160","Spain","Bahamas",1080.887
"161","Sweden","Bahamas",8.084
"162","Switzerland","Bahamas",23363.552
"163","United Kingdom","Bahamas",6749
"164","United States","Bahamas",23200
"165","Australia","Bahrain",37.766
"166","Austria","Bahrain",105.137
"167","Belgium","Bahrain",71
"168","Chinese Taipei","Bahrain",118
"169","Denmark","Bahrain",3
"170","France","Bahrain",5707
"171","Greece","Bahrain",0
"172","India","Bahrain",4444.569
"173","Ireland","Bahrain",2.303
"174","Italy","Bahrain",1551.877
"175","Japan","Bahrain",911.282
"176","South Korea","Bahrain",399.218
"177","Spain","Bahrain",99.533
"178","Sweden","Bahrain",10.199
"179","Switzerland","Bahrain",2189.063
"180","Turkey","Bahrain",76.595
"181","United Kingdom","Bahrain",6166
"182","United States","Bahrain",3906
"183","Australia","Bangladesh",5.898
"184","Austria","Bangladesh",31.835
"185","Belgium","Bangladesh",72
"186","Canada","Bangladesh",14.34
"187","Chinese Taipei","Bangladesh",90
"188","Denmark","Bangladesh",13
"189","France","Bangladesh",399
"190","India","Bangladesh",1575.868
"191","Italy","Bangladesh",137.855
"192","Spain","Bangladesh",160.891
"193","Sweden","Bangladesh",253.103
"194","Switzerland","Bangladesh",464.725
"195","United Kingdom","Bangladesh",12627
"196","Australia","Barbados",213.961
"197","Austria","Barbados",2.995
"198","Belgium","Barbados",1
"199","Canada","Barbados",2458.735
"200","France","Barbados",490
"201","Ireland","Barbados",0.332
"202","Spain","Barbados",435.105
"203","Sweden","Barbados",1.952
"204","Switzerland","Barbados",635.201
"205","United Kingdom","Barbados",44
"206","Australia","Belarus",0.002
"207","Austria","Belarus",1339.334
"208","Belgium","Belarus",117
"209","Denmark","Belarus",1
"210","France","Belarus",66
"211","Greece","Belarus",4
"212","Japan","Belarus",3.5
"213","Spain","Belarus",28.61
"214","Sweden","Belarus",5.736
"215","Switzerland","Belarus",158.331
"216","Turkey","Belarus",10.373
"217","United Kingdom","Belarus",1
"218","Australia","Belgium",4399.373
"219","Austria","Belgium",2413.647
"220","Belgium","Belgium",8185
"221","Brazil","Belgium",151
"222","Canada","Belgium",4294.92
"223","Chile","Belgium",5.994
"224","Chinese Taipei","Belgium",238
"225","Denmark","Belgium",2981
"226","Finland","Belgium",1013
"227","France","Belgium",102511
"228","Greece","Belgium",805
"229","India","Belgium",1977.349
"230","Ireland","Belgium",1015.208
"231","Italy","Belgium",7395.748
"232","Japan","Belgium",24226.58
"233","Mexico","Belgium",5.267
"234","Panama","Belgium",39
"235","Portugal","Belgium",407.333
"236","South Korea","Belgium",1369.961
"237","Spain","Belgium",5841.45
"238","Sweden","Belgium",5057.166
"239","Switzerland","Belgium",7735.814
"240","Turkey","Belgium",376.043
"241","United Kingdom","Belgium",16540
"242","United States","Belgium",33639
"243","Australia","Belize",2.226
"244","Austria","Belize",0.788
"245","Chinese Taipei","Belize",600
"246","Denmark","Belize",14
"247","France","Belize",92
"248","Italy","Belize",7.765
"249","Spain","Belize",31.906
"250","Switzerland","Belize",1895.933
"251","Turkey","Belize",0.002
"252","United Kingdom","Belize",27
"253","Australia","Benin",0.257
"254","Belgium","Benin",20
"255","France","Benin",212
"256","Sweden","Benin",3.325
"257","Switzerland","Benin",6.428
"258","Australia","Bermuda",1120.458
"259","Austria","Bermuda",74.419
"260","Belgium","Bermuda",5
"261","Brazil","Bermuda",373
"262","Canada","Bermuda",2496.378
"263","Chinese Taipei","Bermuda",3474
"264","Denmark","Bermuda",1716
"265","France","Bermuda",6166
"266","Greece","Bermuda",329
"267","Ireland","Bermuda",5.717
"268","Italy","Bermuda",1237.911
"269","Japan","Bermuda",31062.72
"270","Panama","Bermuda",3
"271","South Korea","Bermuda",1223.429
"272","Spain","Bermuda",450.275
"273","Sweden","Bermuda",5859.941
"274","Switzerland","Bermuda",7460.485
"275","United Kingdom","Bermuda",7374
"276","United States","Bermuda",33990
"277","Australia","Bhutan",0.002
"278","Austria","Bhutan",31.532
"279","France","Bhutan",5
"280","Sweden","Bhutan",0.512
"281","Switzerland","Bhutan",1.929
"282","United Kingdom","Bhutan",10
"283","Australia","Bolivia",0.018
"284","Austria","Bolivia",0.008
"285","France","Bolivia",152
"286","Japan","Bolivia",106.4
"287","Spain","Bolivia",138.172
"288","Sweden","Bolivia",36.815
"289","Switzerland","Bolivia",148.994
"290","United Kingdom","Bolivia",29
"291","Sweden","Bonaire, Sint Eustatius and Saba",0.004
"292","Switzerland","Bonaire, Sint Eustatius and Saba",300.923
"293","United Kingdom","Bonaire, Sint Eustatius and Saba",2
"294","Australia","Bosnia and Herzegovina",0.698
"295","Austria","Bosnia and Herzegovina",722.369
"296","Belgium","Bosnia and Herzegovina",2
"297","France","Bosnia and Herzegovina",25
"298","Italy","Bosnia and Herzegovina",1377.184
"299","Spain","Bosnia and Herzegovina",0.5
"300","Sweden","Bosnia and Herzegovina",0.494
"301","Switzerland","Bosnia and Herzegovina",15.103
"302","Turkey","Bosnia and Herzegovina",237.839
"303","United Kingdom","Bosnia and Herzegovina",2
"304","Australia","Botswana",2.19
"305","Austria","Botswana",0.355
"306","Canada","Botswana",2.012
"307","Denmark","Botswana",8
"308","France","Botswana",95
"309","Ireland","Botswana",0.488
"310","Sweden","Botswana",12.907
"311","Switzerland","Botswana",17.475
"312","United Kingdom","Botswana",143
"313","Australia","Brazil",649.564
"314","Austria","Brazil",415.61
"315","Belgium","Brazil",224
"316","Canada","Brazil",2331.042
"317","Chile","Brazil",1887.951
"318","Chinese Taipei","Brazil",43
"319","Denmark","Brazil",57
"320","France","Brazil",25293
"321","India","Brazil",391.578
"322","Ireland","Brazil",40.596
"323","Italy","Brazil",1675.026
"324","Japan","Brazil",25623.377
"325","Panama","Brazil",851
"326","Portugal","Brazil",1129.367
"327","South Korea","Brazil",3373.421
"328","Spain","Brazil",15977.224
"329","Sweden","Brazil",2718.628
"330","Switzerland","Brazil",5019.425
"331","Turkey","Brazil",0.135
"332","United Kingdom","Brazil",14181
"333","United States","Brazil",55490
"334","Australia","British Overseas Territories",0.003
"335","Chinese Taipei","British Overseas Territories",14
"336","France","British Overseas Territories",1124
"337","Sweden","British Overseas Territories",0.116
"338","Switzerland","British Overseas Territories",99.7
"339","Australia","Brunei",117.271
"340","Austria","Brunei",0.226
"341","Chinese Taipei","Brunei",15
"342","France","Brunei",87
"343","Sweden","Brunei",0.606
"344","Switzerland","Brunei",173.509
"345","United Kingdom","Brunei",226
"346","Australia","Bulgaria",24.446
"347","Austria","Bulgaria",3121.007
"348","Belgium","Bulgaria",4030
"349","Canada","Bulgaria",0.306
"350","Denmark","Bulgaria",20
"351","France","Bulgaria",3525
"352","Greece","Bulgaria",3647
"353","Ireland","Bulgaria",0.547
"354","Japan","Bulgaria",106.1
"355","South Korea","Bulgaria",9.126
"356","Spain","Bulgaria",88.824
"357","Sweden","Bulgaria",13.531
"358","Switzerland","Bulgaria",201.599
"359","Turkey","Bulgaria",28.074
"360","United Kingdom","Bulgaria",20
"361","Belgium","Burkina Faso",1
"362","Chinese Taipei","Burkina Faso",19
"363","France","Burkina Faso",433
"364","Spain","Burkina Faso",0.048
"365","Sweden","Burkina Faso",42.115
"366","Switzerland","Burkina Faso",7.936
"367","United Kingdom","Burkina Faso",12
"368","Chinese Taipei","Burundi",20
"369","France","Burundi",2
"370","Ireland","Burundi",0.266
"371","Sweden","Burundi",0.002
"372","Switzerland","Burundi",6.704
"373","Turkey","Burundi",0.003
"374","United Kingdom","Burundi",14
"375","Australia","Cambodia",687.169
"376","Austria","Cambodia",20.581
"377","Belgium","Cambodia",2
"378","Chinese Taipei","Cambodia",2783
"379","Denmark","Cambodia",1
"380","France","Cambodia",278
"381","Spain","Cambodia",3.179
"382","Sweden","Cambodia",0.431
"383","Switzerland","Cambodia",7.477
"384","United Kingdom","Cambodia",85
"385","Austria","Cameroon",7.021
"386","Belgium","Cameroon",162
"387","France","Cameroon",1189
"388","Spain","Cameroon",34.431
"389","Sweden","Cameroon",3.746
"390","Switzerland","Cameroon",27.396
"391","Turkey","Cameroon",61.758
"392","United Kingdom","Cameroon",513
"393","Australia","Canada",12085.985
"394","Austria","Canada",1587.817
"395","Belgium","Canada",3682
"396","Brazil","Canada",1800
"397","Canada","Canada",154547.909
"398","Chile","Canada",82.557
"399","Chinese Taipei","Canada",4284
"400","Denmark","Canada",1116
"401","Finland","Canada",2931
"402","France","Canada",38650
"403","Greece","Canada",168
"404","India","Canada",1104.472
"405","Ireland","Canada",1872.913
"406","Italy","Canada",2972.82
"407","Japan","Canada",64233.064
"408","Mexico","Canada",90.038
"409","Panama","Canada",377
"410","Portugal","Canada",172.801
"411","South Korea","Canada",1735.548
"412","Spain","Canada",5745.008
"413","Sweden","Canada",4786.433
"414","Switzerland","Canada",24847.104
"415","Turkey","Canada",8.58
"416","United Kingdom","Canada",61104
"417","United States","Canada",122200
"418","Australia","Cape Verde",0.004
"419","Austria","Cape Verde",0.006
"420","France","Cape Verde",50
"421","Italy","Cape Verde",13.726
"422","Portugal","Cape Verde",741.058
"423","Spain","Cape Verde",152.446
"424","Switzerland","Cape Verde",7.561
"425","United Kingdom","Cape Verde",1
"426","Australia","Cayman Islands",27897.56
"427","Austria","Cayman Islands",1550.391
"428","Belgium","Cayman Islands",1106
"429","Brazil","Cayman Islands",15243
"430","Canada","Cayman Islands",51820.081
"431","Chile","Cayman Islands",16.508
"432","Chinese Taipei","Cayman Islands",20799
"433","Denmark","Cayman Islands",2950
"434","France","Cayman Islands",82344
"435","Germany","Cayman Islands",105772
"436","Greece","Cayman Islands",320
"437","India","Cayman Islands",797.625
"438","Ireland","Cayman Islands",21.39
"439","Italy","Cayman Islands",4007.031
"440","Japan","Cayman Islands",727476.006
"441","Mexico","Cayman Islands",22.21
"442","Panama","Cayman Islands",2863
"443","South Korea","Cayman Islands",2856.829
"444","Spain","Cayman Islands",2585.468
"445","Sweden","Cayman Islands",7163.019
"446","Switzerland","Cayman Islands",115817.889
"447","Turkey","Cayman Islands",180.423
"448","United Kingdom","Cayman Islands",68453
"449","United States","Cayman Islands",687420
"450","France","Central African Republic",25
"451","Spain","Central African Republic",7.119
"452","Switzerland","Central African Republic",0.56
"453","Austria","Chad",0.026
"454","France","Chad",262
"455","Spain","Chad",0.274
"456","Switzerland","Chad",1.182
"457","Australia","Chile",220.134
"458","Austria","Chile",67.039
"459","Belgium","Chile",69
"460","Brazil","Chile",10100
"461","Chile","Chile",20571.021
"462","Chinese Taipei","Chile",467
"463","Denmark","Chile",8
"464","France","Chile",2994
"465","Italy","Chile",275.98
"466","Japan","Chile",10735.538
"467","Panama","Chile",511
"468","South Korea","Chile",510.346
"469","Spain","Chile",13347.429
"470","Sweden","Chile",346.95
"471","Switzerland","Chile",2308.494
"472","United Kingdom","Chile",3894
"473","United States","Chile",14482
"474","Australia","China",38334.919
"475","Austria","China",1570.798
"476","Belgium","China",1527
"477","Brazil","China",181
"478","Canada","China",18727.887
"479","Chile","China",284.515
"480","Chinese Taipei","China",37632
"481","Denmark","China",1861
"482","France","China",67946
"483","Greece","China",2
"484","India","China",1924.627
"485","Ireland","China",3.013
"486","Italy","China",2930.839
"487","Japan","China",51265.88
"488","Panama","China",99
"489","Portugal","China",194.713
"490","South Korea","China",26506.304
"491","Spain","China",6983.858
"492","Sweden","China",6996.807
"493","Switzerland","China",45546.412
"494","Turkey","China",17.677
"495","United Kingdom","China",159072
"496","United States","China",101845
"497","Australia","Chinese Taipei",6173.747
"498","Austria","Chinese Taipei",47.993
"499","Belgium","Chinese Taipei",40
"500","Chinese Taipei","Chinese Taipei",12062
"501","Denmark","Chinese Taipei",32
"502","France","Chinese Taipei",31934
"503","Ireland","Chinese Taipei",0.267
"504","Italy","Chinese Taipei",76.414
"505","Japan","Chinese Taipei",23666.849
"506","South Korea","Chinese Taipei",2600.251
"507","Spain","Chinese Taipei",1164.161
"508","Sweden","Chinese Taipei",508.208
"509","Switzerland","Chinese Taipei",15942.45
"510","Turkey","Chinese Taipei",0.215
"511","United Kingdom","Chinese Taipei",37227
"512","United States","Chinese Taipei",57647
"513","Australia","Colombia",56.773
"514","Austria","Colombia",2.606
"515","Belgium","Colombia",27
"516","Canada","Colombia",1475.797
"517","Chinese Taipei","Colombia",8
"518","Denmark","Colombia",6
"519","France","Colombia",4181
"520","Ireland","Colombia",0.183
"521","Italy","Colombia",154.262
"522","Japan","Colombia",3675.912
"523","Mexico","Colombia",54.967
"524","Spain","Colombia",4207.859
"525","Switzerland","Colombia",512.955
"526","United Kingdom","Colombia",2038
"527","France","Comoros",4
"528","Switzerland","Comoros",0.002
"529","Austria","Congo",1.43
"530","Belgium","Congo",32
"531","France","Congo",276
"532","Italy","Congo",66.039
"533","Spain","Congo",1.551
"534","Sweden","Congo",15.622
"535","Switzerland","Congo",62.786
"536","Turkey","Congo",81.285
"537","United Kingdom","Congo",6
"538","Australia","Congo Democratic Republic",0.021
"539","Austria","Congo Democratic Republic",0.01
"540","Belgium","Congo Democratic Republic",15
"541","France","Congo Democratic Republic",127
"542","Italy","Congo Democratic Republic",3.315
"543","Spain","Congo Democratic Republic",2.196
"544","Sweden","Congo Democratic Republic",0.007
"545","Switzerland","Congo Democratic Republic",98.925
"546","United Kingdom","Congo Democratic Republic",6
"547","Australia","Costa Rica",0.002
"548","Austria","Costa Rica",13.184
"549","Belgium","Costa Rica",6
"550","Chinese Taipei","Costa Rica",13
"551","Denmark","Costa Rica",21
"552","France","Costa Rica",164
"553","Italy","Costa Rica",12.145
"554","Japan","Costa Rica",131.812
"555","Mexico","Costa Rica",46.24
"556","Spain","Costa Rica",59.516
"557","Sweden","Costa Rica",1.022
"558","Switzerland","Costa Rica",420.792
"559","United Kingdom","Costa Rica",119
"560","Australia","Cote d'Ivoire",63.671
"561","Austria","Cote d'Ivoire",0.705
"562","Belgium","Cote d'Ivoire",3
"563","Denmark","Cote d'Ivoire",6
"564","France","Cote d'Ivoire",1811
"565","Italy","Cote d'Ivoire",14.154
"566","Japan","Cote d'Ivoire",50.5
"567","Spain","Cote d'Ivoire",3.425
"568","Sweden","Cote d'Ivoire",87.161
"569","Switzerland","Cote d'Ivoire",-11.142
"570","Turkey","Cote d'Ivoire",11.642
"571","United Kingdom","Cote d'Ivoire",295
"572","Australia","Croatia",4.133
"573","Austria","Croatia",13475.963
"574","Belgium","Croatia",52
"575","Chinese Taipei","Croatia",1
"576","Denmark","Croatia",23
"577","France","Croatia",861
"578","Greece","Croatia",35
"579","Ireland","Croatia",0.424
"580","Italy","Croatia",14876.333
"581","Japan","Croatia",280.3
"582","Spain","Croatia",46.142
"583","Sweden","Croatia",9.953
"584","Switzerland","Croatia",152.012
"585","Turkey","Croatia",31.23
"586","United Kingdom","Croatia",206
"587","Australia","Cuba",0.006
"588","Austria","Cuba",34.684
"589","France","Cuba",446
"590","Italy","Cuba",307.29
"591","Japan","Cuba",34.6
"592","Spain","Cuba",626.641
"593","Sweden","Cuba",12.47
"594","Switzerland","Cuba",197.994
"595","Austria","Curacao",16.541
"596","Belgium","Curacao",3
"597","Canada","Curacao",295.163
"598","Denmark","Curacao",6
"599","France","Curacao",291
"600","India","Curacao",0.881
"601","Italy","Curacao",4.388
"602","Spain","Curacao",192.719
"603","Sweden","Curacao",5.802
"604","Switzerland","Curacao",1214.475
"605","United Kingdom","Curacao",340
"606","Australia","Cyprus",29.453
"607","Austria","Cyprus",1177.735
"608","Belgium","Cyprus",192
"609","Chinese Taipei","Cyprus",35
"610","Denmark","Cyprus",675
"611","France","Cyprus",3797
"612","Greece","Cyprus",3949
"613","India","Cyprus",76.109
"614","Ireland","Cyprus",66.36
"615","South Korea","Cyprus",210.08
"616","Spain","Cyprus",166.445
"617","Sweden","Cyprus",1365.347
"618","Switzerland","Cyprus",7778.654
"619","United Kingdom","Cyprus",1262
"620","United States","Cyprus",4015
"621","Australia","Czech Republic",210.432
"622","Austria","Czech Republic",18921.189
"623","Belgium","Czech Republic",10263
"624","Chinese Taipei","Czech Republic",8
"625","Denmark","Czech Republic",131
"626","France","Czech Republic",7150
"627","Greece","Czech Republic",2
"628","Ireland","Czech Republic",34.565
"629","Italy","Czech Republic",9214.994
"630","Japan","Czech Republic",1041.016
"631","South Korea","Czech Republic",1174.802
"632","Spain","Czech Republic",334.884
"633","Sweden","Czech Republic",22.894
"634","Switzerland","Czech Republic",1067.533
"635","Turkey","Czech Republic",0.212
"636","United Kingdom","Czech Republic",1977
"637","United States","Czech Republic",3595
"638","Australia","Denmark",299.825
"639","Austria","Denmark",1149.084
"640","Belgium","Denmark",376
"641","Brazil","Denmark",9
"642","Canada","Denmark",1803
"643","Chile","Denmark",0.313
"644","Chinese Taipei","Denmark",134
"645","Denmark","Denmark",46125
"646","Finland","Denmark",851
"647","France","Denmark",15608
"648","Greece","Denmark",42
"649","Ireland","Denmark",480.792
"650","Italy","Denmark",4184.633
"651","Japan","Denmark",16670.673
"652","Panama","Denmark",15
"653","Portugal","Denmark",199.982
"654","South Korea","Denmark",92.529
"655","Spain","Denmark",2133.252
"656","Sweden","Denmark",88047.385
"657","Switzerland","Denmark",9385.383
"658","Turkey","Denmark",10.942
"659","United Kingdom","Denmark",13003
"660","United States","Denmark",16908
"661","Australia","Djibouti",0.001
"662","Denmark","Djibouti",1
"663","France","Djibouti",16
"664","Switzerland","Djibouti",0.436
"665","Turkey","Djibouti",10.123
"666","Australia","Dominica",0.002
"667","Canada","Dominica",6.875
"668","France","Dominica",39
"669","Switzerland","Dominica",92.486
"670","Turkey","Dominica",0.055
"671","Australia","Dominican Republic",0.029
"672","Austria","Dominican Republic",2.025
"673","Belgium","Dominican Republic",1
"674","Chinese Taipei","Dominican Republic",4
"675","Denmark","Dominican Republic",7
"676","France","Dominican Republic",871
"677","Ireland","Dominican Republic",0.115
"678","Spain","Dominican Republic",689.745
"679","Sweden","Dominican Republic",0.095
"680","Switzerland","Dominican Republic",169.203
"681","Turkey","Dominican Republic",0.05
"682","United Kingdom","Dominican Republic",38
"683","Australia","Ecuador",0.486
"684","Austria","Ecuador",0.418
"685","Belgium","Ecuador",33
"686","Chinese Taipei","Ecuador",3
"687","Denmark","Ecuador",6
"688","France","Ecuador",1293
"689","Italy","Ecuador",642.033
"690","Japan","Ecuador",224.5
"691","Spain","Ecuador",974.975
"692","Sweden","Ecuador",14.775
"693","Switzerland","Ecuador",560.602
"694","Turkey","Ecuador",0.001
"695","United Kingdom","Ecuador",75
"696","Australia","Egypt",4.961
"697","Austria","Egypt",41.454
"698","Belgium","Egypt",82
"699","Canada","Egypt",18.029
"700","Chinese Taipei","Egypt",98
"701","Denmark","Egypt",23
"702","France","Egypt",5927
"703","Greece","Egypt",147
"704","India","Egypt",487.927
"705","Ireland","Egypt",0.139
"706","Italy","Egypt",2694.429
"707","Japan","Egypt",798.5
"708","Spain","Egypt",768.12
"709","Sweden","Egypt",179.623
"710","Switzerland","Egypt",3775.174
"711","Turkey","Egypt",28.458
"712","United Kingdom","Egypt",6918
"713","Australia","El Salvador",0.96
"714","Austria","El Salvador",0.24
"715","France","El Salvador",79
"716","Spain","El Salvador",85.43
"717","Sweden","El Salvador",25.254
"718","Switzerland","El Salvador",367.829
"719","United Kingdom","El Salvador",61
"720","Australia","Equatorial Guinea",0.004
"721","France","Equatorial Guinea",81
"722","Spain","Equatorial Guinea",18.203
"723","Switzerland","Equatorial Guinea",200.199
"724","Austria","Eritrea",0.1
"725","Switzerland","Eritrea",0.606
"726","Turkey","Eritrea",0.016
"727","Australia","Estonia",0.71
"728","Austria","Estonia",28.876
"729","Belgium","Estonia",4
"730","Chinese Taipei","Estonia",2
"731","Denmark","Estonia",103
"732","Finland","Estonia",77
"733","France","Estonia",265
"734","Ireland","Estonia",0.006
"735","Italy","Estonia",165.258
"736","Japan","Estonia",4.3
"737","South Korea","Estonia",9.864
"738","Spain","Estonia",26.708
"739","Sweden","Estonia",1339.468
"740","Switzerland","Estonia",65.329
"741","United Kingdom","Estonia",10
"742","Australia","Eswatini",82.813
"743","Denmark","Eswatini",1
"744","Ireland","Eswatini",0.187
"745","Spain","Eswatini",0.847
"746","Sweden","Eswatini",0.779
"747","Switzerland","Eswatini",28.039
"748","United Kingdom","Eswatini",4
"749","Australia","Ethiopia",80.902
"750","Austria","Ethiopia",0.003
"751","Belgium","Ethiopia",1
"752","France","Ethiopia",1000
"753","Japan","Ethiopia",5.2
"754","Spain","Ethiopia",19.104
"755","Sweden","Ethiopia",422.25
"756","Switzerland","Ethiopia",320.383
"757","Turkey","Ethiopia",289.003
"758","United Kingdom","Ethiopia",113
"759","Australia","Euro area",67998.727
"760","Austria","Euro area",121281.513
"761","Belgium","Euro area",76402
"762","Brazil","Euro area",9962
"763","Canada","Euro area",158904.619
"764","Chile","Euro area",905.144
"765","Chinese Taipei","Euro area",24058
"766","Denmark","Euro area",74115
"767","Finland","Euro area",13218
"768","France","Euro area",978563
"769","Germany","Euro area",989334
"770","Greece","Euro area",31614
"771","Ireland","Euro area",18750.238
"772","Italy","Euro area",395788.95
"773","Japan","Euro area",706911.161
"774","Mexico","Euro area",624.61
"775","Netherlands","Euro area",259667.959
"776","Panama","Euro area",907
"777","Portugal","Euro area",37339.461
"778","South Korea","Euro area",20936.857
"779","Spain","Euro area",332961.65
"780","Sweden","Euro area",128821.851
"781","Switzerland","Euro area",338067.089
"782","Turkey","Euro area",9233.255
"783","United Kingdom","Euro area",662609
"784","United States","Euro area",1092802
"785","Denmark","Faeroe Islands",684
"786","France","Faeroe Islands",3
"787","Sweden","Faeroe Islands",231.282
"788","Switzerland","Faeroe Islands",4.439
"789","United Kingdom","Faeroe Islands",0
"790","Australia","Falkland Islands",0.002
"791","Ireland","Falkland Islands",0.248
"792","Spain","Falkland Islands",34.098
"793","Switzerland","Falkland Islands",0.048
"794","Australia","Fiji",105.917
"795","Canada","Fiji",0.697
"796","Chinese Taipei","Fiji",3
"797","France","Fiji",2
"798","Japan","Fiji",10.8
"799","Sweden","Fiji",0.032
"800","Switzerland","Fiji",0.208
"801","United Kingdom","Fiji",15
"802","Australia","Finland",454.441
"803","Austria","Finland",1857.616
"804","Belgium","Finland",677
"805","Brazil","Finland",1
"806","Canada","Finland",3785.299
"807","Chile","Finland",0.264
"808","Chinese Taipei","Finland",187
"809","Denmark","Finland",4144
"810","Finland","Finland",844
"811","France","Finland",10170
"812","Greece","Finland",100
"813","Ireland","Finland",494.761
"814","Italy","Finland",1960.615
"815","Japan","Finland",5956.743
"816","South Korea","Finland",57.96
"817","Spain","Finland",930.641
"818","Sweden","Finland",33334.688
"819","Switzerland","Finland",6549.949
"820","Turkey","Finland",2.962
"821","United Kingdom","Finland",10621
"822","United States","Finland",15428
"823","Australia","France",22985.918
"824","Austria","France",11968.121
"825","Belgium","France",21677
"826","Brazil","France",1338
"827","Canada","France",41365.484
"828","Chile","France",504.563
"829","Chinese Taipei","France",8087
"830","Denmark","France",18034
"831","Finland","France",3250
"832","France","France",125049
"833","Germany","France",197026
"834","Greece","France",1284
"835","India","France",547.387
"836","Ireland","France",4259.592
"837","Italy","France",84758.385
"838","Japan","France",180179.709
"839","Mexico","France",41.234
"840","Netherlands","France",62784.159
"841","Panama","France",25
"842","Portugal","France",2244.495
"843","South Korea","France",3638.559
"844","Spain","France",68151.115
"845","Switzerland","France",87822.024
"846","Turkey","France",932.807
"847","United Kingdom","France",196863
"848","United States","France",275123
"849","Australia","French Polynesia",4.817
"850","France","French Polynesia",1339
"851","Spain","French Polynesia",2.058
"852","Sweden","French Polynesia",0.196
"853","Switzerland","French Polynesia",42.138
"854","United Kingdom","French Polynesia",2
"855","Belgium","Gabon",2
"856","France","Gabon",847
"857","Ireland","Gabon",0.184
"858","Italy","Gabon",194.499
"859","Japan","Gabon",12.2
"860","Spain","Gabon",85.518
"861","Switzerland","Gabon",51.629
"862","Turkey","Gabon",0.004
"863","United Kingdom","Gabon",93
"864","Australia","Gambia",1.25
"865","Austria","Gambia",0.189
"866","France","Gambia",1
"867","Ireland","Gambia",0.364
"868","Spain","Gambia",1.726
"869","Sweden","Gambia",0.027
"870","Switzerland","Gambia",1.998
"871","United Kingdom","Gambia",27
"872","Australia","Georgia",0.396
"873","Austria","Georgia",31.783
"874","Belgium","Georgia",5
"875","Denmark","Georgia",1
"876","France","Georgia",208
"877","Ireland","Georgia",0.399
"878","Italy","Georgia",36.449
"879","Japan","Georgia",26.7
"880","Spain","Georgia",5.187
"881","Sweden","Georgia",1.053
"882","Switzerland","Georgia",212.494
"883","Turkey","Georgia",70.453
"884","United Kingdom","Georgia",21
"885","Australia","Germany",17985.44
"886","Austria","Germany",38159.266
"887","Belgium","Germany",10898
"888","Brazil","Germany",742
"889","Canada","Germany",36099.88
"890","Chile","Germany",115.446
"891","Chinese Taipei","Germany",4645
"892","Denmark","Germany",14682
"893","Finland","Germany",4625
"894","France","Germany",136119
"895","Germany","Germany",205778
"896","Greece","Germany",3434
"897","India","Germany",2050.526
"898","Ireland","Germany",1062.191
"899","Italy","Germany",72943.909
"900","Japan","Germany",109683.814
"901","Mexico","Germany",122.495
"902","Panama","Germany",262
"903","Portugal","Germany",3038.212
"904","South Korea","Germany",8221.789
"905","Spain","Germany",29585.12
"906","Switzerland","Germany",88234.863
"907","Turkey","Germany",2547.403
"908","United Kingdom","Germany",189888
"909","United States","Germany",253628
"910","Australia","Ghana",27.802
"911","Austria","Ghana",83.038
"912","Belgium","Ghana",232
"913","Canada","Ghana",1.293
"914","Chinese Taipei","Ghana",46
"915","Denmark","Ghana",7
"916","France","Ghana",2033
"917","Ireland","Ghana",0.491
"918","Spain","Ghana",57.801
"919","Sweden","Ghana",198.25
"920","Switzerland","Ghana",243.562
"921","Turkey","Ghana",110.955
"922","United Kingdom","Ghana",2192
"923","Australia","Gibraltar",0.142
"924","Austria","Gibraltar",13.919
"925","Belgium","Gibraltar",4
"926","Canada","Gibraltar",7.164
"927","Chinese Taipei","Gibraltar",25
"928","Denmark","Gibraltar",31
"929","France","Gibraltar",538
"930","Greece","Gibraltar",10
"931","Ireland","Gibraltar",51.285
"932","Italy","Gibraltar",31.801
"933","Spain","Gibraltar",169.437
"934","Sweden","Gibraltar",110.496
"935","Switzerland","Gibraltar",796.334
"936","United Kingdom","Gibraltar",747
"937","Australia","Greece",161.494
"938","Austria","Greece",111.758
"939","Belgium","Greece",28
"940","Denmark","Greece",8
"941","France","Greece",2322
"942","Greece","Greece",15976
"943","Ireland","Greece",9.377
"944","Italy","Greece",3218.604
"945","Japan","Greece",353.32
"946","Panama","Greece",2
"947","South Korea","Greece",233.989
"948","Spain","Greece",853.472
"949","Switzerland","Greece",3449.806
"950","Turkey","Greece",0.791
"951","United Kingdom","Greece",14840
"952","United States","Greece",19702
"953","Denmark","Greenland",612
"954","France","Greenland",1
"955","Sweden","Greenland",102.461
"956","Switzerland","Greenland",0.003
"957","Austria","Grenada",0.002
"958","Canada","Grenada",9.295
"959","France","Grenada",6
"960","Switzerland","Grenada",11.332
"961","United Kingdom","Grenada",9
"962","Australia","Guatemala",0.004
"963","Austria","Guatemala",1.013
"964","Belgium","Guatemala",54
"965","Canada","Guatemala",793.318
"966","Chinese Taipei","Guatemala",4
"967","France","Guatemala",9
"968","Spain","Guatemala",164.085
"969","Sweden","Guatemala",0.036
"970","Switzerland","Guatemala",357.421
"971","United Kingdom","Guatemala",108
"972","Australia","Guernsey",1276.196
"973","Austria","Guernsey",203.531
"974","Belgium","Guernsey",144
"975","Chinese Taipei","Guernsey",97
"976","Denmark","Guernsey",8108
"977","France","Guernsey",3539
"978","Greece","Guernsey",22
"979","Ireland","Guernsey",75.369
"980","Italy","Guernsey",327.276
"981","Japan","Guernsey",4500.2
"982","Panama","Guernsey",2
"983","South Korea","Guernsey",15.226
"984","Spain","Guernsey",1028.404
"985","Sweden","Guernsey",7823.936
"986","Switzerland","Guernsey",7683.883
"987","United Kingdom","Guernsey",8495
"988","Australia","Guinea",0.036
"989","Austria","Guinea",0.56
"990","France","Guinea",401
"991","Italy","Guinea",5.309
"992","Spain","Guinea",3.316
"993","Sweden","Guinea",0.005
"994","Switzerland","Guinea",10.368
"995","United Kingdom","Guinea",4
"996","Australia","Guinea-Bissau",0.004
"997","Portugal","Guinea-Bissau",2.3
"998","Spain","Guinea-Bissau",1.078
"999","Switzerland","Guinea-Bissau",0.482
"1000","United Kingdom","Guinea-Bissau",33
"1001","Canada","Guyana",8.213
"1002","France","Guyana",2
"1003","Sweden","Guyana",0.013
"1004","Australia","Haiti",0.006
"1005","Chinese Taipei","Haiti",2
"1006","France","Haiti",14
"1007","Spain","Haiti",1.551
"1008","Switzerland","Haiti",8.383
"1009","United Kingdom","Haiti",5
"1010","Austria","Honduras",139.936
"1011","Belgium","Honduras",5
"1012","Chinese Taipei","Honduras",6
"1013","France","Honduras",303
"1014","Italy","Honduras",75.494
"1015","Mexico","Honduras",47.723
"1016","Spain","Honduras",52.239
"1017","Sweden","Honduras",28.263
"1018","Switzerland","Honduras",-171.723
"1019","United Kingdom","Honduras",33
"1020","Australia","Hong Kong SAR",26032.886
"1021","Austria","Hong Kong SAR",933.642
"1022","Belgium","Hong Kong SAR",609
"1023","Brazil","Hong Kong SAR",4
"1024","Canada","Hong Kong SAR",3834.928
"1025","Chile","Hong Kong SAR",54.238
"1026","Chinese Taipei","Hong Kong SAR",51185
"1027","Denmark","Hong Kong SAR",435
"1028","Finland","Hong Kong SAR",9
"1029","France","Hong Kong SAR",37391
"1030","Greece","Hong Kong SAR",11
"1031","India","Hong Kong SAR",6419.174
"1032","Ireland","Hong Kong SAR",39.525
"1033","Italy","Hong Kong SAR",2666.76
"1034","Japan","Hong Kong SAR",74888.032
"1035","Netherlands","Hong Kong SAR",12590.64
"1036","Panama","Hong Kong SAR",2
"1037","South Korea","Hong Kong SAR",23003.132
"1038","Spain","Hong Kong SAR",6066.271
"1039","Switzerland","Hong Kong SAR",58457.534
"1040","Turkey","Hong Kong SAR",4.281
"1041","United Kingdom","Hong Kong SAR",163709
"1042","United States","Hong Kong SAR",77324
"1043","Australia","Hungary",64.636
"1044","Austria","Hungary",8516.404
"1045","Belgium","Hungary",2981
"1046","Brazil","Hungary",119
"1047","Canada","Hungary",73.84
"1048","Chinese Taipei","Hungary",126
"1049","Denmark","Hungary",219
"1050","France","Hungary",1443
"1051","Greece","Hungary",1
"1052","Ireland","Hungary",7.069
"1053","Italy","Hungary",5692.638
"1054","Japan","Hungary",1674.42
"1055","South Korea","Hungary",1658.666
"1056","Spain","Hungary",160.393
"1057","Sweden","Hungary",89.637
"1058","Switzerland","Hungary",960.596
"1059","Turkey","Hungary",0.465
"1060","United Kingdom","Hungary",901
"1061","United States","Hungary",1816
"1062","Australia","Iceland",0.122
"1063","Austria","Iceland",7.054
"1064","Belgium","Iceland",77
"1065","Denmark","Iceland",188
"1066","France","Iceland",189
"1067","Greece","Iceland",2
"1068","Ireland","Iceland",0.461
"1069","Japan","Iceland",25.5
"1070","Portugal","Iceland",32.271
"1071","Spain","Iceland",57.838
"1072","Sweden","Iceland",321.164
"1073","Switzerland","Iceland",64.072
"1074","Turkey","Iceland",0.12
"1075","United Kingdom","Iceland",77
"1076","Australia","India",5896.354
"1077","Austria","India",346.99
"1078","Belgium","India",461
"1079","Brazil","India",40
"1080","Canada","India",2504.749
"1081","Chile","India",37.472
"1082","Chinese Taipei","India",5322
"1083","Denmark","India",97
"1084","France","India",21920
"1085","Greece","India",5
"1086","Ireland","India",33.933
"1087","Italy","India",770.435
"1088","Japan","India",46334.933
"1089","Panama","India",4
"1090","South Korea","India",9056.022
"1091","Spain","India",598.028
"1092","Switzerland","India",5880.995
"1093","Turkey","India",0.901
"1094","United Kingdom","India",44749
"1095","United States","India",57429
"1096","Australia","Indonesia",2704.872
"1097","Austria","Indonesia",522.119
"1098","Belgium","Indonesia",87
"1099","Brazil","Indonesia",9
"1100","Canada","Indonesia",839.517
"1101","Chinese Taipei","Indonesia",4949
"1102","Denmark","Indonesia",24
"1103","France","Indonesia",7337
"1104","India","Indonesia",588.4
"1105","Ireland","Indonesia",0.443
"1106","Italy","Indonesia",650.489
"1107","Japan","Indonesia",37429.834
"1108","South Korea","Indonesia",10767.428
"1109","Spain","Indonesia",166.55
"1110","Sweden","Indonesia",129.912
"1111","Switzerland","Indonesia",7259.526
"1112","Turkey","Indonesia",0.031
"1113","United Kingdom","Indonesia",16366
"1114","United States","Indonesia",16625
"1115","Australia","International organisations",13802.578
"1116","Austria","International organisations",4966.604
"1117","Belgium","International organisations",926
"1118","Canada","International organisations",24499.294
"1119","Chinese Taipei","International organisations",2698
"1120","Denmark","International organisations",1035
"1121","Finland","International organisations",1584
"1122","France","International organisations",31827
"1123","Germany","International organisations",46871
"1124","Greece","International organisations",1295
"1125","India","International organisations",0.141
"1126","Ireland","International organisations",3214.582
"1127","Japan","International organisations",20687.7
"1128","Mexico","International organisations",7.798
"1129","Portugal","International organisations",0.024
"1130","Spain","International organisations",559.317
"1131","Switzerland","International organisations",24805.28
"1132","Turkey","International organisations",0.004
"1133","United Kingdom","International organisations",44418
"1134","United States","International organisations",32313
"1135","Australia","Iran",7.072
"1136","Austria","Iran",1.023
"1137","Belgium","Iran",2
"1138","Canada","Iran",33.791
"1139","Chinese Taipei","Iran",6
"1140","Denmark","Iran",79
"1141","France","Iran",139
"1142","Greece","Iran",2
"1143","Japan","Iran",120.6
"1144","Spain","Iran",25.241
"1145","Sweden","Iran",76.629
"1146","Switzerland","Iran",27.448
"1147","Turkey","Iran",3.536
"1148","United Kingdom","Iran",3
"1149","Australia","Iraq",1.009
"1150","Austria","Iraq",3.728
"1151","Belgium","Iraq",2
"1152","Canada","Iraq",0.924
"1153","Denmark","Iraq",1
"1154","France","Iraq",480
"1155","Italy","Iraq",51.819
"1156","Japan","Iraq",98.9
"1157","Spain","Iraq",4.215
"1158","Sweden","Iraq",79.883
"1159","Switzerland","Iraq",188.507
"1160","Turkey","Iraq",226.593
"1161","United Kingdom","Iraq",728
"1162","Australia","Ireland",6184.692
"1163","Austria","Ireland",3666.807
"1164","Belgium","Ireland",1012
"1165","Canada","Ireland",42165.037
"1166","Chinese Taipei","Ireland",1543
"1167","Denmark","Ireland",4288
"1168","France","Ireland",74943
"1169","Greece","Ireland",485
"1170","Ireland","Ireland",4081.588
"1171","Italy","Ireland",13692.923
"1172","Japan","Ireland",52098.458
"1173","Panama","Ireland",215
"1174","South Korea","Ireland",973.745
"1175","Spain","Ireland",25226.934
"1176","Sweden","Ireland",3765.237
"1177","Switzerland","Ireland",18627.047
"1178","Turkey","Ireland",887.681
"1179","United Kingdom","Ireland",65243
"1180","United States","Ireland",131342
"1181","Australia","Isle of Man",137.473
"1182","Austria","Isle of Man",96.92
"1183","Belgium","Isle of Man",44
"1184","Canada","Isle of Man",216.297
"1185","Chinese Taipei","Isle of Man",61
"1186","Denmark","Isle of Man",115
"1187","France","Isle of Man",1323
"1188","Greece","Isle of Man",360
"1189","Ireland","Isle of Man",330.589
"1190","Japan","Isle of Man",1163.8
"1191","South Korea","Isle of Man",31.479
"1192","Spain","Isle of Man",1508.523
"1193","Sweden","Isle of Man",360.603
"1194","Switzerland","Isle of Man",3636.967
"1195","United Kingdom","Isle of Man",4282
"1196","Australia","Israel",48.843
"1197","Austria","Israel",87.094
"1198","Belgium","Israel",52
"1199","Canada","Israel",188.115
"1200","Chinese Taipei","Israel",67
"1201","Denmark","Israel",23
"1202","France","Israel",1440
"1203","Greece","Israel",38
"1204","India","Israel",138.075
"1205","Ireland","Israel",1.316
"1206","Italy","Israel",518.113
"1207","Japan","Israel",1467.441
"1208","Panama","Israel",15
"1209","South Korea","Israel",59.561
"1210","Spain","Israel",106.752
"1211","Switzerland","Israel",5845.426
"1212","Turkey","Israel",2.414
"1213","United Kingdom","Israel",2320
"1214","United States","Israel",7260
"1215","Australia","Italy",1122.791
"1216","Austria","Italy",5216.432
"1217","Belgium","Italy",5358
"1218","Brazil","Italy",229
"1219","Canada","Italy",624.31
"1220","Chile","Italy",20.751
"1221","Chinese Taipei","Italy",241
"1222","Denmark","Italy",435
"1223","Finland","Italy",19
"1224","France","Italy",116006
"1225","Germany","Italy",59206
"1226","Greece","Italy",1240
"1227","India","Italy",525.772
"1228","Ireland","Italy",1498.454
"1229","Italy","Italy",59078.648
"1230","Japan","Italy",29356.544
"1231","Panama","Italy",14
"1232","Portugal","Italy",7261.006
"1233","South Korea","Italy",755.728
"1234","Spain","Italy",87856.059
"1235","Sweden","Italy",918.115
"1236","Switzerland","Italy",16120.775
"1237","Turkey","Italy",359.99
"1238","United Kingdom","Italy",17708
"1239","United States","Italy",80450
"1240","Australia","Jamaica",0.106
"1241","Austria","Jamaica",0.296
"1242","Canada","Jamaica",1221.993
"1243","France","Jamaica",86
"1244","Ireland","Jamaica",20.845
"1245","Japan","Jamaica",23.2
"1246","Spain","Jamaica",30.596
"1247","Sweden","Jamaica",0.039
"1248","Switzerland","Jamaica",136.575
"1249","United Kingdom","Jamaica",107
"1250","Australia","Japan",23644.638
"1251","Austria","Japan",473.496
"1252","Belgium","Japan",1300
"1253","Brazil","Japan",250
"1254","Canada","Japan",53786.768
"1255","Chile","Japan",24.093
"1256","Chinese Taipei","Japan",12660
"1257","Denmark","Japan",315
"1258","France","Japan",121890
"1259","Greece","Japan",94
"1260","India","Japan",1198.976
"1261","Ireland","Japan",59.233
"1262","Italy","Japan",9479.811
"1263","Mexico","Japan",6.015
"1264","Netherlands","Japan",7712.933
"1265","Panama","Japan",203
"1266","Portugal","Japan",158.021
"1267","South Korea","Japan",13130.853
"1268","Spain","Japan",16191.025
"1269","Sweden","Japan",2631.738
"1270","Switzerland","Japan",30733.504
"1271","Turkey","Japan",68.895
"1272","United Kingdom","Japan",80942
"1273","United States","Japan",261113
"1274","Australia","Jersey",751.72
"1275","Austria","Jersey",516.442
"1276","Belgium","Jersey",44
"1277","Canada","Jersey",1510.062
"1278","Chinese Taipei","Jersey",982
"1279","Denmark","Jersey",116
"1280","France","Jersey",6736
"1281","Greece","Jersey",62
"1282","India","Jersey",354.058
"1283","Ireland","Jersey",251.649
"1284","Italy","Jersey",1218.593
"1285","Japan","Jersey",17491.2
"1286","Spain","Jersey",2590.876
"1287","Sweden","Jersey",6533.885
"1288","Switzerland","Jersey",6586.041
"1289","Turkey","Jersey",0.021
"1290","United Kingdom","Jersey",30915
"1291","Australia","Jordan",3.515
"1292","Austria","Jordan",3.732
"1293","Belgium","Jordan",8
"1294","Canada","Jordan",102.683
"1295","Chinese Taipei","Jordan",7
"1296","Denmark","Jordan",5
"1297","France","Jordan",1051
"1298","Greece","Jordan",14
"1299","Italy","Jordan",32.863
"1300","Japan","Jordan",557.105
"1301","Spain","Jordan",64.586
"1302","Sweden","Jordan",73.562
"1303","Switzerland","Jordan",843.61
"1304","Turkey","Jordan",2.598
"1305","United Kingdom","Jordan",1892
"1306","Australia","Kazakhstan",4.846
"1307","Austria","Kazakhstan",27.507
"1308","Belgium","Kazakhstan",23
"1309","Canada","Kazakhstan",3.308
"1310","Chinese Taipei","Kazakhstan",5
"1311","Denmark","Kazakhstan",5
"1312","France","Kazakhstan",1362
"1313","Japan","Kazakhstan",976.2
"1314","Spain","Kazakhstan",44.149
"1315","Sweden","Kazakhstan",4.093
"1316","Switzerland","Kazakhstan",854.296
"1317","Turkey","Kazakhstan",95.779
"1318","United Kingdom","Kazakhstan",256
"1319","Australia","Kenya",33.88
"1320","Austria","Kenya",14.509
"1321","Belgium","Kenya",158
"1322","Denmark","Kenya",8
"1323","France","Kenya",1497
"1324","India","Kenya",175.02
"1325","Ireland","Kenya",1.126
"1326","Italy","Kenya",251.502
"1327","Japan","Kenya",787.03
"1328","Spain","Kenya",45.27
"1329","Sweden","Kenya",49.056
"1330","Switzerland","Kenya",1145.985
"1331","Turkey","Kenya",0.96
"1332","United Kingdom","Kenya",2864
"1333","Australia","Kiribati",4.107
"1334","United Kingdom","Kiribati",2
"1335","Australia","Kuwait",248.711
"1336","Austria","Kuwait",5.924
"1337","Belgium","Kuwait",2
"1338","Chinese Taipei","Kuwait",117
"1339","Denmark","Kuwait",12
"1340","France","Kuwait",2190
"1341","Greece","Kuwait",59
"1342","India","Kuwait",279.337
"1343","Ireland","Kuwait",4.12
"1344","Italy","Kuwait",1734.017
"1345","Japan","Kuwait",2173.635
"1346","South Korea","Kuwait",1031.753
"1347","Spain","Kuwait",1034.514
"1348","Sweden","Kuwait",126.663
"1349","Switzerland","Kuwait",1724.627
"1350","Turkey","Kuwait",6.813
"1351","United Kingdom","Kuwait",3519
"1352","United States","Kuwait",20759
"1353","Australia","Kyrgyz Republic",0.547
"1354","Austria","Kyrgyz Republic",0.998
"1355","Spain","Kyrgyz Republic",3.46
"1356","Switzerland","Kyrgyz Republic",2.596
"1357","Turkey","Kyrgyz Republic",0.487
"1358","Australia","Laos",80.818
"1359","Austria","Laos",0.12
"1360","Chinese Taipei","Laos",318
"1361","France","Laos",105
"1362","Italy","Laos",162.716
"1363","Japan","Laos",1061.8
"1364","Sweden","Laos",1.335
"1365","Switzerland","Laos",0.535
"1366","United Kingdom","Laos",133
"1367","Australia","Latvia",22.87
"1368","Austria","Latvia",150.496
"1369","Belgium","Latvia",26
"1370","Denmark","Latvia",36
"1371","Finland","Latvia",5
"1372","France","Latvia",71
"1373","Ireland","Latvia",0.006
"1374","Italy","Latvia",114.287
"1375","Japan","Latvia",12.1
"1376","South Korea","Latvia",8.74
"1377","Spain","Latvia",18.788
"1378","Sweden","Latvia",1155.634
"1379","Switzerland","Latvia",70.252
"1380","Turkey","Latvia",0.007
"1381","United Kingdom","Latvia",13
"1382","Australia","Lebanon",2.86
"1383","Austria","Lebanon",15.638
"1384","Belgium","Lebanon",6
"1385","Canada","Lebanon",5.731
"1386","Denmark","Lebanon",26
"1387","France","Lebanon",1575
"1388","Greece","Lebanon",2
"1389","Italy","Lebanon",274.348
"1390","Japan","Lebanon",275.517
"1391","Spain","Lebanon",320.847
"1392","Sweden","Lebanon",32.892
"1393","Switzerland","Lebanon",2719.066
"1394","Turkey","Lebanon",7.701
"1395","United Kingdom","Lebanon",2033
"1396","Australia","Lesotho",0.371
"1397","Sweden","Lesotho",1.179
"1398","Switzerland","Lesotho",0.002
"1399","Australia","Liberia",1095.318
"1400","Austria","Liberia",0.017
"1401","Belgium","Liberia",16
"1402","Chinese Taipei","Liberia",2719
"1403","Denmark","Liberia",128
"1404","France","Liberia",1578
"1405","Greece","Liberia",2846
"1406","Japan","Liberia",2760.5
"1407","Spain","Liberia",719.755
"1408","Sweden","Liberia",1604.877
"1409","Switzerland","Liberia",4968.114
"1410","Turkey","Liberia",0.004
"1411","United Kingdom","Liberia",1408
"1412","Australia","Libya",0.028
"1413","Austria","Libya",0.139
"1414","France","Libya",1
"1415","Italy","Libya",11.01
"1416","Japan","Libya",14.6
"1417","Spain","Libya",0.453
"1418","Sweden","Libya",0.008
"1419","Switzerland","Libya",62.765
"1420","Turkey","Libya",0.116
"1421","United Kingdom","Libya",88
"1422","Australia","Liechtenstein",15.111
"1423","Austria","Liechtenstein",348.7
"1424","Belgium","Liechtenstein",4
"1425","Denmark","Liechtenstein",39
"1426","France","Liechtenstein",619
"1427","Ireland","Liechtenstein",2.38
"1428","Portugal","Liechtenstein",2.778
"1429","Spain","Liechtenstein",11.601
"1430","Sweden","Liechtenstein",31.733
"1431","United Kingdom","Liechtenstein",225
"1432","Australia","Lithuania",0.14
"1433","Austria","Lithuania",202.966
"1434","Belgium","Lithuania",27
"1435","Denmark","Lithuania",933
"1436","France","Lithuania",458
"1437","Ireland","Lithuania",0.757
"1438","Italy","Lithuania",429.326
"1439","Japan","Lithuania",73.2
"1440","South Korea","Lithuania",19.284
"1441","Spain","Lithuania",24.922
"1442","Sweden","Lithuania",1236.002
"1443","Switzerland","Lithuania",28.224
"1444","Turkey","Lithuania",1.236
"1445","United Kingdom","Lithuania",544
"1446","Australia","Luxembourg",2275.825
"1447","Austria","Luxembourg",8381.757
"1448","Belgium","Luxembourg",6986
"1449","Brazil","Luxembourg",3896
"1450","Canada","Luxembourg",12974.915
"1451","Chile","Luxembourg",46.638
"1452","Chinese Taipei","Luxembourg",2313
"1453","Denmark","Luxembourg",19029
"1454","Finland","Luxembourg",310
"1455","France","Luxembourg",148942
"1456","Germany","Luxembourg",132817
"1457","Greece","Luxembourg",1287
"1458","India","Luxembourg",545.696
"1459","Ireland","Luxembourg",442.547
"1460","Italy","Luxembourg",25770.862
"1461","Japan","Luxembourg",166052.634
"1462","Netherlands","Luxembourg",16759.541
"1463","Panama","Luxembourg",207
"1464","South Korea","Luxembourg",1868.213
"1465","Spain","Luxembourg",19552.366
"1466","Switzerland","Luxembourg",35968.531
"1467","Turkey","Luxembourg",125.648
"1468","United Kingdom","Luxembourg",34745
"1469","United States","Luxembourg",103060
"1470","Australia","Macao SAR",188.65
"1471","Austria","Macao SAR",99.531
"1472","Chile","Macao SAR",4.596
"1473","Chinese Taipei","Macao SAR",1166
"1474","France","Macao SAR",1792
"1475","Italy","Macao SAR",12.359
"1476","Portugal","Macao SAR",1741.887
"1477","South Korea","Macao SAR",18.01
"1478","Spain","Macao SAR",257.538
"1479","Sweden","Macao SAR",9.435
"1480","Switzerland","Macao SAR",716.425
"1481","United Kingdom","Macao SAR",9741
"1482","Australia","Madagascar",1.011
"1483","Belgium","Madagascar",3
"1484","France","Madagascar",290
"1485","Italy","Madagascar",37.603
"1486","Spain","Madagascar",0.878
"1487","Sweden","Madagascar",0.118
"1488","Switzerland","Madagascar",23.921
"1489","United Kingdom","Madagascar",4
"1490","Australia","Malawi",0.596
"1491","France","Malawi",42
"1492","Sweden","Malawi",0.014
"1493","Switzerland","Malawi",1.126
"1494","United Kingdom","Malawi",76
"1495","Australia","Malaysia",3266.958
"1496","Austria","Malaysia",42.846
"1497","Belgium","Malaysia",7
"1498","Canada","Malaysia",563.407
"1499","Chinese Taipei","Malaysia",4554
"1500","Denmark","Malaysia",208
"1501","France","Malaysia",3128
"1502","India","Malaysia",323.982
"1503","Ireland","Malaysia",4.025
"1504","Italy","Malaysia",419.133
"1505","Japan","Malaysia",28411.657
"1506","South Korea","Malaysia",2461.141
"1507","Spain","Malaysia",155.635
"1508","Switzerland","Malaysia",4843.659
"1509","Turkey","Malaysia",2.353
"1510","United Kingdom","Malaysia",19278
"1511","United States","Malaysia",11000
"1512","Australia","Maldives",1.1
"1513","Austria","Maldives",0.059
"1514","France","Maldives",58
"1515","Italy","Maldives",16.113
"1516","Spain","Maldives",0.005
"1517","Sweden","Maldives",8.647
"1518","Switzerland","Maldives",70.383
"1519","United Kingdom","Maldives",540
"1520","Austria","Mali",5.906
"1521","Belgium","Mali",9
"1522","France","Mali",235
"1523","Italy","Mali",25.801
"1524","Spain","Mali",0.387
"1525","Sweden","Mali",2.357
"1526","Switzerland","Mali",15.508
"1527","Australia","Malta",91.97
"1528","Austria","Malta",154.618
"1529","Belgium","Malta",61
"1530","Brazil","Malta",20
"1531","Canada","Malta",291.037
"1532","Chinese Taipei","Malta",144
"1533","Denmark","Malta",30
"1534","Finland","Malta",2
"1535","France","Malta",1947
"1536","Greece","Malta",665
"1537","Ireland","Malta",257.64
"1538","South Korea","Malta",239.11
"1539","Spain","Malta",700.145
"1540","Sweden","Malta",1126.108
"1541","Switzerland","Malta",3032.151
"1542","Turkey","Malta",258.731
"1543","United Kingdom","Malta",1578
"1544","Australia","Marshall Islands",1051.472
"1545","Austria","Marshall Islands",69.384
"1546","Chinese Taipei","Marshall Islands",1081
"1547","Denmark","Marshall Islands",646
"1548","France","Marshall Islands",3239
"1549","Greece","Marshall Islands",4167
"1550","Spain","Marshall Islands",386.766
"1551","Sweden","Marshall Islands",3377.511
"1552","Switzerland","Marshall Islands",6137.622
"1553","Turkey","Marshall Islands",183.495
"1554","United Kingdom","Marshall Islands",2102
"1555","Australia","Mauritania",0.002
"1556","Austria","Mauritania",0.001
"1557","France","Mauritania",306
"1558","Spain","Mauritania",5.051
"1559","Sweden","Mauritania",0.006
"1560","Switzerland","Mauritania",16.248
"1561","Australia","Mauritius",162.065
"1562","Austria","Mauritius",0.548
"1563","Belgium","Mauritius",40
"1564","Canada","Mauritius",9.902
"1565","Chinese Taipei","Mauritius",527
"1566","Denmark","Mauritius",37
"1567","France","Mauritius",1223
"1568","India","Mauritius",1132.271
"1569","Ireland","Mauritius",0.375
"1570","Spain","Mauritius",63.969
"1571","Sweden","Mauritius",39.497
"1572","Switzerland","Mauritius",1698.528
"1573","United Kingdom","Mauritius",4320
"1574","Australia","Mexico",436.624
"1575","Austria","Mexico",136.693
"1576","Belgium","Mexico",223
"1577","Brazil","Mexico",429
"1578","Canada","Mexico",1073.465
"1579","Chile","Mexico",343.147
"1580","Chinese Taipei","Mexico",577
"1581","Denmark","Mexico",300
"1582","France","Mexico",10119
"1583","Greece","Mexico",2
"1584","Ireland","Mexico",20.365
"1585","Italy","Mexico",2584.494
"1586","Japan","Mexico",24633.529
"1587","Netherlands","Mexico",2934.319
"1588","Panama","Mexico",1660
"1589","South Korea","Mexico",4128.616
"1590","Spain","Mexico",57328.839
"1591","Sweden","Mexico",881.293
"1592","Switzerland","Mexico",6200.99
"1593","United Kingdom","Mexico",9547
"1594","United States","Mexico",34168
"1595","Australia","Micronesia",0.004
"1596","Switzerland","Micronesia",2.998
"1597","Austria","Moldova",111.905
"1598","Belgium","Moldova",3
"1599","France","Moldova",257
"1600","Ireland","Moldova",0.192
"1601","Italy","Moldova",98.589
"1602","Spain","Moldova",4.728
"1603","Sweden","Moldova",1.033
"1604","Switzerland","Moldova",0.896
"1605","Turkey","Moldova",0.071
"1606","Australia","Mongolia",313.306
"1607","Austria","Mongolia",22.64
"1608","Belgium","Mongolia",4
"1609","Chinese Taipei","Mongolia",3
"1610","France","Mongolia",738
"1611","Spain","Mongolia",76.578
"1612","Sweden","Mongolia",1.452
"1613","Switzerland","Mongolia",384.329
"1614","United Kingdom","Mongolia",234
"1615","Australia","Montenegro",0.284
"1616","Austria","Montenegro",213.408
"1617","Belgium","Montenegro",1
"1618","Denmark","Montenegro",1
"1619","France","Montenegro",162
"1620","Greece","Montenegro",21
"1621","Italy","Montenegro",94.274
"1622","Spain","Montenegro",0.244
"1623","Sweden","Montenegro",2.479
"1624","Switzerland","Montenegro",236.97
"1625","Turkey","Montenegro",4.667
"1626","United Kingdom","Montenegro",12
"1627","Australia","Morocco",0.369
"1628","Austria","Morocco",11.687
"1629","Belgium","Morocco",17
"1630","Chinese Taipei","Morocco",2
"1631","Denmark","Morocco",1
"1632","France","Morocco",7245
"1633","Ireland","Morocco",0.356
"1634","Italy","Morocco",193.747
"1635","Japan","Morocco",282
"1636","Spain","Morocco",1111.823
"1637","Sweden","Morocco",14.277
"1638","Switzerland","Morocco",277.675
"1639","Turkey","Morocco",4.399
"1640","United Kingdom","Morocco",1121
"1641","Australia","Mozambique",0.721
"1642","Austria","Mozambique",0.736
"1643","Denmark","Mozambique",1
"1644","France","Mozambique",377
"1645","Italy","Mozambique",146.901
"1646","Portugal","Mozambique",1902.453
"1647","Spain","Mozambique",40.602
"1648","Sweden","Mozambique",125.287
"1649","Switzerland","Mozambique",204.293
"1650","United Kingdom","Mozambique",173
"1651","Australia","Myanmar",154.686
"1652","Austria","Myanmar",1.667
"1653","Chinese Taipei","Myanmar",76
"1654","Denmark","Myanmar",1
"1655","France","Myanmar",17
"1656","Japan","Myanmar",569.6
"1657","Sweden","Myanmar",0.546
"1658","Switzerland","Myanmar",33.9
"1659","United Kingdom","Myanmar",8
"1660","Australia","Namibia",0.924
"1661","Austria","Namibia",0.01
"1662","France","Namibia",52
"1663","Ireland","Namibia",2.272
"1664","Spain","Namibia",26.73
"1665","Sweden","Namibia",0.518
"1666","Switzerland","Namibia",14.814
"1667","United Kingdom","Namibia",32
"1668","Australia","Nauru",0.01
"1669","Australia","Nepal",10.323
"1670","Austria","Nepal",0.018
"1671","Chinese Taipei","Nepal",3
"1672","India","Nepal",102.882
"1673","Ireland","Nepal",0.122
"1674","Japan","Nepal",1.6
"1675","Spain","Nepal",0.659
"1676","Sweden","Nepal",1.633
"1677","Switzerland","Nepal",22.786
"1678","Turkey","Nepal",0.003
"1679","United Kingdom","Nepal",322
"1680","Australia","Netherlands",10119.956
"1681","Austria","Netherlands",7322.611
"1682","Belgium","Netherlands",10574
"1683","Brazil","Netherlands",2109
"1684","Canada","Netherlands",9752.367
"1685","Chile","Netherlands",97.197
"1686","Chinese Taipei","Netherlands",5453
"1687","Denmark","Netherlands",4026
"1688","Finland","Netherlands",2034
"1689","France","Netherlands",153688
"1690","Greece","Netherlands",375
"1691","India","Netherlands",3768.13
"1692","Ireland","Netherlands",2227.131
"1693","Italy","Netherlands",22652.596
"1694","Japan","Netherlands",102303.824
"1695","Mexico","Netherlands",33.996
"1696","Netherlands","Netherlands",40631.627
"1697","Panama","Netherlands",140
"1698","South Korea","Netherlands",1215.679
"1699","Spain","Netherlands",21490.103
"1700","Switzerland","Netherlands",35403.374
"1701","Turkey","Netherlands",1088.359
"1702","United Kingdom","Netherlands",61922
"1703","United States","Netherlands",88242
"1704","Australia","New Caledonia",13.99
"1705","Austria","New Caledonia",0.085
"1706","France","New Caledonia",4337
"1707","Switzerland","New Caledonia",5.284
"1708","United Kingdom","New Caledonia",3
"1709","Australia","New Zealand",19394.475
"1710","Austria","New Zealand",115.371
"1711","Belgium","New Zealand",107
"1712","Canada","New Zealand",1169.442
"1713","Chinese Taipei","New Zealand",535
"1714","Denmark","New Zealand",23
"1715","Finland","New Zealand",1
"1716","France","New Zealand",787
"1717","Greece","New Zealand",3
"1718","Ireland","New Zealand",64.449
"1719","Italy","New Zealand",141.229
"1720","Japan","New Zealand",5679.064
"1721","Spain","New Zealand",179.196
"1722","Sweden","New Zealand",22.057
"1723","Switzerland","New Zealand",3859.606
"1724","Turkey","New Zealand",0.005
"1725","United Kingdom","New Zealand",4056
"1726","Austria","Nicaragua",23.867
"1727","Belgium","Nicaragua",2
"1728","France","Nicaragua",98
"1729","Ireland","Nicaragua",0.099
"1730","Japan","Nicaragua",0.2
"1731","Mexico","Nicaragua",16.257
"1732","Spain","Nicaragua",45.873
"1733","Sweden","Nicaragua",0.011
"1734","Switzerland","Nicaragua",23.022
"1735","United Kingdom","Nicaragua",8
"1736","Australia","Niger",0.006
"1737","Austria","Niger",0.418
"1738","Belgium","Niger",1
"1739","France","Niger",144
"1740","Italy","Niger",26.523
"1741","Spain","Niger",0.347
"1742","Switzerland","Niger",0.639
"1743","Turkey","Niger",31.431
"1744","Australia","Nigeria",85.835
"1745","Austria","Nigeria",35.12
"1746","Belgium","Nigeria",242
"1747","Canada","Nigeria",5.234
"1748","Chinese Taipei","Nigeria",12
"1749","Denmark","Nigeria",5
"1750","France","Nigeria",3363
"1751","Ireland","Nigeria",0.878
"1752","Japan","Nigeria",511.2
"1753","South Korea","Nigeria",591.886
"1754","Spain","Nigeria",4.35
"1755","Sweden","Nigeria",83.087
"1756","Switzerland","Nigeria",2186.869
"1757","Turkey","Nigeria",0.008
"1758","United Kingdom","Nigeria",9875
"1759","United States","Nigeria",13499
"1760","Austria","North Korea",0.173
"1761","France","North Korea",32
"1762","Ireland","North Korea",0.072
"1763","Australia","North Macedonia",2.127
"1764","Austria","North Macedonia",267.533
"1765","Belgium","North Macedonia",2
"1766","Denmark","North Macedonia",5
"1767","France","North Macedonia",440
"1768","Greece","North Macedonia",496
"1769","Spain","North Macedonia",33.273
"1770","Sweden","North Macedonia",0.193
"1771","Switzerland","North Macedonia",8.041
"1772","Turkey","North Macedonia",167.376
"1773","United Kingdom","North Macedonia",26
"1774","Australia","Norway",2453.131
"1775","Austria","Norway",1684.075
"1776","Belgium","Norway",475
"1777","Brazil","Norway",5
"1778","Canada","Norway",7900.645
"1779","Chile","Norway",0.793
"1780","Chinese Taipei","Norway",345
"1781","Denmark","Norway",9205
"1782","Finland","Norway",2389
"1783","France","Norway",16511
"1784","Greece","Norway",35
"1785","Ireland","Norway",874.057
"1786","Italy","Norway",1680.9
"1787","Japan","Norway",10343.735
"1788","Netherlands","Norway",6951.665
"1789","Panama","Norway",5
"1790","Portugal","Norway",32.723
"1791","South Korea","Norway",163.508
"1792","Spain","Norway",1827.714
"1793","Sweden","Norway",29257.415
"1794","Switzerland","Norway",6407.437
"1795","Turkey","Norway",7.283
"1796","United Kingdom","Norway",13323
"1797","United States","Norway",21820
"1798","Australia","Oman",94.675
"1799","Austria","Oman",41.327
"1800","Belgium","Oman",35
"1801","Canada","Oman",260.666
"1802","Chinese Taipei","Oman",274
"1803","Denmark","Oman",60
"1804","France","Oman",3361
"1805","India","Oman",560.523
"1806","Ireland","Oman",0.08
"1807","Italy","Oman",510.951
"1808","Japan","Oman",4104.697
"1809","Spain","Oman",14.312
"1810","Sweden","Oman",18.855
"1811","Switzerland","Oman",1382.347
"1812","Turkey","Oman",0.901
"1813","United Kingdom","Oman",3098
"1814","Australia","Pakistan",102.654
"1815","Austria","Pakistan",24.471
"1816","Belgium","Pakistan",4
"1817","Chinese Taipei","Pakistan",47
"1818","Denmark","Pakistan",7
"1819","France","Pakistan",621
"1820","Ireland","Pakistan",1.743
"1821","Japan","Pakistan",72.898
"1822","Spain","Pakistan",8.236
"1823","Switzerland","Pakistan",2308.37
"1824","Turkey","Pakistan",0.56
"1825","United Kingdom","Pakistan",4984
"1826","Austria","Palestinian Territory",0.007
"1827","France","Palestinian Territory",13
"1828","Spain","Palestinian Territory",0.378
"1829","Sweden","Palestinian Territory",0.003
"1830","Switzerland","Palestinian Territory",85.813
"1831","Turkey","Palestinian Territory",1.549
"1832","United Kingdom","Palestinian Territory",42
"1833","Australia","Panama",625.857
"1834","Austria","Panama",89.664
"1835","Belgium","Panama",199
"1836","Brazil","Panama",50
"1837","Canada","Panama",821.314
"1838","Chile","Panama",586.292
"1839","Chinese Taipei","Panama",5539
"1840","Denmark","Panama",22
"1841","France","Panama",2477
"1842","Greece","Panama",877
"1843","Ireland","Panama",0.134
"1844","Japan","Panama",39284.607
"1845","Mexico","Panama",262.788
"1846","South Korea","Panama",4864.876
"1847","Spain","Panama",3163.278
"1848","Sweden","Panama",93.015
"1849","Switzerland","Panama",12892.645
"1850","Turkey","Panama",15.347
"1851","United Kingdom","Panama",2308
"1852","United States","Panama",8117
"1853","Australia","Papua New Guinea",219.513
"1854","Austria","Papua New Guinea",47.209
"1855","Chinese Taipei","Papua New Guinea",83
"1856","France","Papua New Guinea",902
"1857","Ireland","Papua New Guinea",0.556
"1858","Japan","Papua New Guinea",290.2
"1859","Sweden","Papua New Guinea",0.031
"1860","Switzerland","Papua New Guinea",201.778
"1861","United Kingdom","Papua New Guinea",200
"1862","Austria","Paraguay",1.4
"1863","Denmark","Paraguay",1
"1864","France","Paraguay",46
"1865","Italy","Paraguay",17.731
"1866","Spain","Paraguay",1622.227
"1867","Sweden","Paraguay",5.139
"1868","Switzerland","Paraguay",106.05
"1869","United Kingdom","Paraguay",42
"1870","Australia","Peru",52.939
"1871","Austria","Peru",9.948
"1872","Belgium","Peru",12
"1873","Brazil","Peru",571
"1874","Chile","Peru",662.072
"1875","Chinese Taipei","Peru",35
"1876","Denmark","Peru",1
"1877","France","Peru",1967
"1878","Italy","Peru",279.296
"1879","Japan","Peru",2823.222
"1880","Mexico","Peru",0.006
"1881","Panama","Peru",633
"1882","South Korea","Peru",63.749
"1883","Spain","Peru",18646.39
"1884","Sweden","Peru",243.426
"1885","Switzerland","Peru",673.638
"1886","United Kingdom","Peru",1291
"1887","United States","Peru",6388
"1888","Australia","Philippines",1524.182
"1889","Austria","Philippines",76.507
"1890","Belgium","Philippines",28
"1891","Canada","Philippines",322.13
"1892","Chinese Taipei","Philippines",2235
"1893","Denmark","Philippines",7
"1894","France","Philippines",2014
"1895","Greece","Philippines",17
"1896","Ireland","Philippines",2.882
"1897","Japan","Philippines",10354.696
"1898","South Korea","Philippines",1284.305
"1899","Spain","Philippines",27.623
"1900","Switzerland","Philippines",1494.768
"1901","Turkey","Philippines",0.145
"1902","United Kingdom","Philippines",6397
"1903","United States","Philippines",5967
"1904","Australia","Poland",102.421
"1905","Austria","Poland",10637.409
"1906","Belgium","Poland",2191
"1907","Canada","Poland",275.351
"1908","Chinese Taipei","Poland",62
"1909","Denmark","Poland",891
"1910","Finland","Poland",87
"1911","France","Poland",11190
"1912","Greece","Poland",175
"1913","Ireland","Poland",148.556
"1914","Italy","Poland",5336.152
"1915","Japan","Poland",6221.372
"1916","Netherlands","Poland",7210.473
"1917","Panama","Poland",1
"1918","South Korea","Poland",747.875
"1919","Spain","Poland",13950.865
"1920","Sweden","Poland",1748.295
"1921","Switzerland","Poland",1348.23
"1922","Turkey","Poland",0.319
"1923","United Kingdom","Poland",3514
"1924","United States","Poland",6434
"1925","Australia","Portugal",169.813
"1926","Austria","Portugal",222.222
"1927","Belgium","Portugal",558
"1928","Brazil","Portugal",285
"1929","Chinese Taipei","Portugal",13
"1930","Denmark","Portugal",322
"1931","Finland","Portugal",20
"1932","France","Portugal",10632
"1933","Greece","Portugal",322
"1934","Ireland","Portugal",379.171
"1935","Italy","Portugal",4483.666
"1936","Japan","Portugal",721.489
"1937","Mexico","Portugal",52.404
"1938","Netherlands","Portugal",1000.256
"1939","Panama","Portugal",2
"1940","South Korea","Portugal",149.301
"1941","Spain","Portugal",38647.827
"1942","Sweden","Portugal",122.839
"1943","Switzerland","Portugal",2290.779
"1944","Turkey","Portugal",0.967
"1945","United Kingdom","Portugal",4266
"1946","United States","Portugal",9358
"1947","Australia","Qatar",1486.337
"1948","Austria","Qatar",230.617
"1949","Belgium","Qatar",529
"1950","Canada","Qatar",500.999
"1951","Chile","Qatar",40.317
"1952","Chinese Taipei","Qatar",1105
"1953","Denmark","Qatar",22
"1954","France","Qatar",6921
"1955","Greece","Qatar",6
"1956","India","Qatar",1222.118
"1957","Ireland","Qatar",2.063
"1958","Italy","Qatar",3818.648
"1959","Japan","Qatar",14829.72
"1960","Panama","Qatar",1
"1961","South Korea","Qatar",2098.316
"1962","Spain","Qatar",1188.514
"1963","Sweden","Qatar",490.018
"1964","Switzerland","Qatar",4771.678
"1965","Turkey","Qatar",2.107
"1966","United Kingdom","Qatar",22527
"1967","United States","Qatar",13527
"1968","Australia","Residents",62082
"1969","Austria","Residents",27166.043
"1970","Belgium","Residents",8185
"1971","Canada","Residents",154547.909
"1972","Chile","Residents",20571.021
"1973","Chinese Taipei","Residents",12062
"1974","Denmark","Residents",46125
"1975","Finland","Residents",844
"1976","France","Residents",125049
"1977","Germany","Residents",205778
"1978","Greece","Residents",15976
"1979","Ireland","Residents",4081.588
"1980","Italy","Residents",59078.648
"1981","Netherlands","Residents",40631.627
"1982","Singapore","Residents",79732.7
"1983","South Korea","Residents",109729.586
"1984","Spain","Residents",30157.644
"1985","Sweden","Residents",80066.437
"1986","Switzerland","Residents",129422.376
"1987","Turkey","Residents",719831.692
"1988","United Kingdom","Residents",410635
"1989","United States","Residents",558060
"1990","Australia","Romania",1.886
"1991","Austria","Romania",15357.571
"1992","Belgium","Romania",269
"1993","Denmark","Romania",20
"1994","France","Romania",5475
"1995","Greece","Romania",6401
"1996","Ireland","Romania",11.58
"1997","Japan","Romania",326.9
"1998","Netherlands","Romania",2993.774
"1999","South Korea","Romania",304.298
"2000","Spain","Romania",1649.855
"2001","Sweden","Romania",23.634
"2002","Switzerland","Romania",246.395
"2003","Turkey","Romania",3.896
"2004","United Kingdom","Romania",163
"2005","United States","Romania",1999
"2006","Australia","Russia",8.144
"2007","Austria","Russia",3829.633
"2008","Belgium","Russia",505
"2009","Brazil","Russia",6
"2010","Canada","Russia",36.294
"2011","Chinese Taipei","Russia",135
"2012","Denmark","Russia",787
"2013","France","Russia",16519
"2014","Greece","Russia",334
"2015","India","Russia",92.327
"2016","Ireland","Russia",2.095
"2017","Italy","Russia",12627.216
"2018","Japan","Russia",7031.693
"2019","Netherlands","Russia",4632.889
"2020","Portugal","Russia",147.314
"2021","South Korea","Russia",2472.442
"2022","Spain","Russia",1432.55
"2023","Switzerland","Russia",5773.008
"2024","Turkey","Russia",244.648
"2025","United Kingdom","Russia",3636
"2026","United States","Russia",11068
"2027","Canada","Rwanda",0.307
"2028","France","Rwanda",2
"2029","Italy","Rwanda",2.542
"2030","Spain","Rwanda",0.169
"2031","Sweden","Rwanda",0.004
"2032","Switzerland","Rwanda",4.822
"2033","United Kingdom","Rwanda",-1
"2034","Australia","Samoa",33.732
"2035","Chinese Taipei","Samoa",4073
"2036","France","Samoa",11
"2037","Switzerland","Samoa",1863.889
"2038","United Kingdom","Samoa",60
"2039","Austria","San Marino",0.656
"2040","France","San Marino",5
"2041","Italy","San Marino",265.293
"2042","Switzerland","San Marino",6.234
"2043","United Kingdom","San Marino",1
"2044","Portugal","Sao Tome and Principe",38.752
"2045","Spain","Sao Tome and Principe",0.334
"2046","Switzerland","Sao Tome and Principe",0.048
"2047","Australia","Saudi Arabia",59.924
"2048","Austria","Saudi Arabia",115.166
"2049","Belgium","Saudi Arabia",76
"2050","Canada","Saudi Arabia",432.645
"2051","Chinese Taipei","Saudi Arabia",692
"2052","Denmark","Saudi Arabia",20
"2053","France","Saudi Arabia",16221
"2054","Greece","Saudi Arabia",35
"2055","India","Saudi Arabia",1117.807
"2056","Ireland","Saudi Arabia",54.638
"2057","Italy","Saudi Arabia",643.059
"2058","Japan","Saudi Arabia",21913.066
"2059","South Korea","Saudi Arabia",5042.355
"2060","Spain","Saudi Arabia",1036.166
"2061","Sweden","Saudi Arabia",707.332
"2062","Switzerland","Saudi Arabia",4020.344
"2063","Turkey","Saudi Arabia",23.998
"2064","United Kingdom","Saudi Arabia",36893
"2065","United States","Saudi Arabia",25383
"2066","Australia","Senegal",0.975
"2067","Austria","Senegal",24.208
"2068","Belgium","Senegal",20
"2069","Denmark","Senegal",3
"2070","France","Senegal",1476
"2071","Italy","Senegal",92.233
"2072","Japan","Senegal",66.6
"2073","Spain","Senegal",17.15
"2074","Sweden","Senegal",2.234
"2075","Switzerland","Senegal",90.485
"2076","Turkey","Senegal",114.618
"2077","United Kingdom","Senegal",216
"2078","Australia","Serbia",0.309
"2079","Austria","Serbia",4035.67
"2080","Belgium","Serbia",6
"2081","Denmark","Serbia",2
"2082","France","Serbia",2898
"2083","Greece","Serbia",1316
"2084","Italy","Serbia",7942.68
"2085","Japan","Serbia",32.045
"2086","Spain","Serbia",6.439
"2087","Sweden","Serbia",3.815
"2088","Switzerland","Serbia",117.683
"2089","Turkey","Serbia",232.755
"2090","United Kingdom","Serbia",35
"2091","Australia","Seychelles",1.607
"2092","Austria","Seychelles",19.998
"2093","Chinese Taipei","Seychelles",874
"2094","Denmark","Seychelles",9
"2095","France","Seychelles",546
"2096","Greece","Seychelles",9
"2097","Italy","Seychelles",20.288
"2098","Spain","Seychelles",26.009
"2099","Sweden","Seychelles",0.875
"2100","Switzerland","Seychelles",2828.675
"2101","Turkey","Seychelles",0.001
"2102","United Kingdom","Seychelles",41
"2103","Austria","Sierra Leone",0.003
"2104","Switzerland","Sierra Leone",0.034
"2105","United Kingdom","Sierra Leone",52
"2106","Australia","Singapore",32980.488
"2107","Austria","Singapore",1311.566
"2108","Belgium","Singapore",537
"2109","Brazil","Singapore",171
"2110","Canada","Singapore",8290.289
"2111","Chile","Singapore",31.63
"2112","Chinese Taipei","Singapore",20395
"2113","Denmark","Singapore",265
"2114","Finland","Singapore",19
"2115","France","Singapore",45595
"2116","Germany","Singapore",27374
"2117","Greece","Singapore",2
"2118","India","Singapore",10030.587
"2119","Ireland","Singapore",68.971
"2120","Italy","Singapore",3698.03
"2121","Japan","Singapore",74249.606
"2122","Mexico","Singapore",65.002
"2123","Netherlands","Singapore",24589.054
"2124","Panama","Singapore",1
"2125","Singapore","Singapore",79732.7
"2126","South Korea","Singapore",5681.404
"2127","Spain","Singapore",1680.218
"2128","Sweden","Singapore",2898.336
"2129","Switzerland","Singapore",42542.109
"2130","Turkey","Singapore",19.699
"2131","United Kingdom","Singapore",89821
"2132","United States","Singapore",107165
"2133","France","Sint Maarten",5
"2134","Sweden","Sint Maarten",0.112
"2135","Switzerland","Sint Maarten",3.11
"2136","Australia","Slovakia",1.568
"2137","Austria","Slovakia",5626.32
"2138","Belgium","Slovakia",1779
"2139","Denmark","Slovakia",104
"2140","France","Slovakia",1241
"2141","Greece","Slovakia",1
"2142","Ireland","Slovakia",5.292
"2143","Italy","Slovakia",8218.176
"2144","Japan","Slovakia",388.5
"2145","South Korea","Slovakia",837.537
"2146","Spain","Slovakia",303.25
"2147","Sweden","Slovakia",94.286
"2148","Switzerland","Slovakia",250.328
"2149","Turkey","Slovakia",0.063
"2150","United Kingdom","Slovakia",1700
"2151","Australia","Slovenia",17.994
"2152","Austria","Slovenia",2651.974
"2153","Belgium","Slovenia",373
"2154","Denmark","Slovenia",1
"2155","France","Slovenia",788
"2156","Ireland","Slovenia",83.289
"2157","Japan","Slovenia",157.8
"2158","South Korea","Slovenia",335.656
"2159","Spain","Slovenia",42.162
"2160","Sweden","Slovenia",2.373
"2161","Switzerland","Slovenia",79.767
"2162","Turkey","Slovenia",0.011
"2163","United Kingdom","Slovenia",59
"2164","Australia","Solomon Islands",8.954
"2165","Chinese Taipei","Solomon Islands",19
"2166","Switzerland","Solomon Islands",0.506
"2167","United Kingdom","Solomon Islands",29
"2168","Austria","Somalia",0.021
"2169","France","Somalia",110
"2170","Sweden","Somalia",0.162
"2171","Switzerland","Somalia",0.002
"2172","Australia","South Africa",801.376
"2173","Austria","South Africa",181.226
"2174","Belgium","South Africa",19
"2175","Brazil","South Africa",7
"2176","Canada","South Africa",465.8
"2177","Chinese Taipei","South Africa",588
"2178","Denmark","South Africa",406
"2179","France","South Africa",4356
"2180","Greece","South Africa",36
"2181","India","South Africa",659.228
"2182","Ireland","South Africa",51.875
"2183","Italy","South Africa",742.777
"2184","Japan","South Africa",11536.908
"2185","South Korea","South Africa",383.311
"2186","Spain","South Africa",391.583
"2187","Sweden","South Africa",224.985
"2188","Switzerland","South Africa",1872.956
"2189","Turkey","South Africa",0.948
"2190","United Kingdom","South Africa",8863
"2191","United States","South Africa",13197
"2192","Australia","South Korea",6113.338
"2193","Austria","South Korea",372.824
"2194","Belgium","South Korea",72
"2195","Canada","South Korea",2516.436
"2196","Chile","South Korea",80.902
"2197","Chinese Taipei","South Korea",10195
"2198","Denmark","South Korea",53
"2199","France","South Korea",21358
"2200","Greece","South Korea",10
"2201","India","South Korea",2107.134
"2202","Ireland","South Korea",0.048
"2203","Italy","South Korea",332.182
"2204","Japan","South Korea",46159.461
"2205","Panama","South Korea",8
"2206","South Korea","South Korea",109729.586
"2207","Spain","South Korea",455.797
"2208","Sweden","South Korea",518.369
"2209","Switzerland","South Korea",14268.651
"2210","Turkey","South Korea",0.176
"2211","United Kingdom","South Korea",33848
"2212","United States","South Korea",73002
"2213","Austria","South Sudan",0.006
"2214","Switzerland","South Sudan",0.006
"2215","Australia","Spain",1376.455
"2216","Austria","Spain",4802.248
"2217","Belgium","Spain",6750
"2218","Brazil","Spain",443
"2219","Chile","Spain",51.689
"2220","Chinese Taipei","Spain",600
"2221","Denmark","Spain",2141
"2222","Finland","Spain",34
"2223","France","Spain",73683
"2224","Germany","Spain",49939
"2225","Greece","Spain",1127
"2226","India","Spain",250.663
"2227","Ireland","Spain",2670.979
"2228","Italy","Spain",68309.554
"2229","Japan","Spain",29415.346
"2230","Mexico","Spain",369.214
"2231","Portugal","Spain",12791.019
"2232","South Korea","Spain",631.24
"2233","Spain","Spain",30157.644
"2234","Sweden","Spain",1881.792
"2235","Switzerland","Spain",12539.651
"2236","Turkey","Spain",31.821
"2237","United Kingdom","Spain",33184
"2238","United States","Spain",61197
"2239","Australia","Sri Lanka",80.576
"2240","Austria","Sri Lanka",49.982
"2241","Belgium","Sri Lanka",24
"2242","Chinese Taipei","Sri Lanka",50
"2243","Denmark","Sri Lanka",20
"2244","France","Sri Lanka",497
"2245","Greece","Sri Lanka",1
"2246","India","Sri Lanka",938.519
"2247","Japan","Sri Lanka",509.074
"2248","Spain","Sri Lanka",69.575
"2249","Sweden","Sri Lanka",168.73
"2250","Switzerland","Sri Lanka",423.469
"2251","United Kingdom","Sri Lanka",4226
"2252","Greece","St. Helena and Dependencies",1
"2253","Sweden","St. Helena and Dependencies",0.015
"2254","United Kingdom","St. Helena and Dependencies",2
"2255","Australia","St. Lucia",0.106
"2256","Austria","St. Lucia",1.049
"2257","Canada","St. Lucia",96.284
"2258","France","St. Lucia",8
"2259","Switzerland","St. Lucia",61.825
"2260","United Kingdom","St. Lucia",42
"2261","Australia","St. Vincent and the Grenadines",0.008
"2262","Austria","St. Vincent and the Grenadines",0.004
"2263","Chinese Taipei","St. Vincent and the Grenadines",83
"2264","France","St. Vincent and the Grenadines",40
"2265","Greece","St. Vincent and the Grenadines",4
"2266","Italy","St. Vincent and the Grenadines",9.238
"2267","Sweden","St. Vincent and the Grenadines",4.687
"2268","Switzerland","St. Vincent and the Grenadines",848.501
"2269","United Kingdom","St. Vincent and the Grenadines",22
"2270","Austria","Sudan",0.014
"2271","France","Sudan",131
"2272","Ireland","Sudan",0.157
"2273","Spain","Sudan",8.071
"2274","Sweden","Sudan",0.017
"2275","Switzerland","Sudan",27.398
"2276","Turkey","Sudan",0.007
"2277","Austria","Suriname",0.017
"2278","Denmark","Suriname",2
"2279","France","Suriname",42
"2280","Italy","Suriname",47.608
"2281","Sweden","Suriname",0.044
"2282","Switzerland","Suriname",336.083
"2283","Turkey","Suriname",0.001
"2284","United Kingdom","Suriname",-3
"2285","Australia","Sweden",1558.134
"2286","Austria","Sweden",1820.248
"2287","Belgium","Sweden",1048
"2288","Brazil","Sweden",264
"2289","Canada","Sweden",8826.479
"2290","Chile","Sweden",1.174
"2291","Chinese Taipei","Sweden",1048
"2292","Denmark","Sweden",27573
"2293","Finland","Sweden",3450
"2294","France","Sweden",36534
"2295","Greece","Sweden",113
"2296","India","Sweden",71.306
"2297","Ireland","Sweden",1689.672
"2298","Italy","Sweden",2454.453
"2299","Japan","Sweden",20041.129
"2300","Panama","Sweden",23
"2301","Portugal","Sweden",171.954
"2302","South Korea","Sweden",206.349
"2303","Spain","Sweden",2156.26
"2304","Sweden","Sweden",80066.437
"2305","Switzerland","Sweden",12738.957
"2306","Turkey","Sweden",11.228
"2307","United Kingdom","Sweden",16098
"2308","United States","Sweden",37278
"2309","Australia","Switzerland",5993.837
"2310","Austria","Switzerland",14230.958
"2311","Belgium","Switzerland",2212
"2312","Brazil","Switzerland",912
"2313","Canada","Switzerland",4120.568
"2314","Chile","Switzerland",316.441
"2315","Chinese Taipei","Switzerland",1519
"2316","Denmark","Switzerland",2556
"2317","Finland","Switzerland",130
"2318","France","Switzerland",59045
"2319","Germany","Switzerland",122072
"2320","Greece","Switzerland",570
"2321","India","Switzerland",3658.04
"2322","Ireland","Switzerland",458.77
"2323","Italy","Switzerland",12927.299
"2324","Japan","Switzerland",34790.527
"2325","Mexico","Switzerland",23.132
"2326","Netherlands","Switzerland",37017.647
"2327","Panama","Switzerland",649
"2328","South Korea","Switzerland",1078.99
"2329","Spain","Switzerland",10446.708
"2330","Switzerland","Switzerland",129422.376
"2331","Turkey","Switzerland",350.248
"2332","United Kingdom","Switzerland",37288
"2333","United States","Switzerland",59131
"2334","Australia","Syria",0.026
"2335","Austria","Syria",0.32
"2336","France","Syria",3
"2337","Spain","Syria",0.182
"2338","Sweden","Syria",0.559
"2339","Switzerland","Syria",0.963
"2340","Turkey","Syria",0.004
"2341","Austria","Tajikistan",0.121
"2342","France","Tajikistan",3
"2343","Italy","Tajikistan",22.862
"2344","Japan","Tajikistan",1.6
"2345","Spain","Tajikistan",0.098
"2346","Sweden","Tajikistan",0.045
"2347","Switzerland","Tajikistan",2.27
"2348","Turkey","Tajikistan",0.001
"2349","United Kingdom","Tajikistan",-5
"2350","Australia","Tanzania",10.009
"2351","Austria","Tanzania",9.712
"2352","Belgium","Tanzania",4
"2353","Denmark","Tanzania",47
"2354","France","Tanzania",175
"2355","Greece","Tanzania",2
"2356","Japan","Tanzania",76.536
"2357","Spain","Tanzania",27.311
"2358","Sweden","Tanzania",220.66
"2359","Switzerland","Tanzania",259.403
"2360","Turkey","Tanzania",0.004
"2361","United Kingdom","Tanzania",1261
"2362","Australia","Thailand",1040.076
"2363","Austria","Thailand",80.887
"2364","Belgium","Thailand",90
"2365","Chinese Taipei","Thailand",1744
"2366","Denmark","Thailand",44
"2367","Finland","Thailand",3
"2368","France","Thailand",2474
"2369","Ireland","Thailand",7.404
"2370","Italy","Thailand",26.809
"2371","Japan","Thailand",24449.001
"2372","South Korea","Thailand",596.351
"2373","Spain","Thailand",15.167
"2374","Sweden","Thailand",237.86
"2375","Switzerland","Thailand",6092.479
"2376","Turkey","Thailand",0.043
"2377","United Kingdom","Thailand",6593
"2378","United States","Thailand",5144
"2379","Australia","Timor Leste",2.313
"2380","Switzerland","Timor Leste",0.838
"2381","Australia","Togo",0.034
"2382","Austria","Togo",10.906
"2383","Belgium","Togo",2
"2384","France","Togo",371
"2385","Spain","Togo",0.45
"2386","Sweden","Togo",0.173
"2387","Switzerland","Togo",0.76
"2388","United Kingdom","Togo",2
"2389","Australia","Tonga",2.772
"2390","Australia","Trinidad and Tobago",69.564
"2391","Austria","Trinidad and Tobago",0.008
"2392","Canada","Trinidad and Tobago",802.044
"2393","Chinese Taipei","Trinidad and Tobago",1
"2394","France","Trinidad and Tobago",16
"2395","Ireland","Trinidad and Tobago",0.314
"2396","Italy","Trinidad and Tobago",23.587
"2397","Japan","Trinidad and Tobago",162.8
"2398","Spain","Trinidad and Tobago",1.276
"2399","Sweden","Trinidad and Tobago",0.408
"2400","Switzerland","Trinidad and Tobago",93.741
"2401","United Kingdom","Trinidad and Tobago",88
"2402","Australia","Tunisia",0.216
"2403","Austria","Tunisia",36.426
"2404","Belgium","Tunisia",63
"2405","Canada","Tunisia",0.293
"2406","Chinese Taipei","Tunisia",1
"2407","Denmark","Tunisia",8
"2408","France","Tunisia",2347
"2409","Ireland","Tunisia",0.132
"2410","Italy","Tunisia",87.939
"2411","Spain","Tunisia",12.376
"2412","Sweden","Tunisia",25.906
"2413","Switzerland","Tunisia",192.057
"2414","Turkey","Tunisia",0.531
"2415","United Kingdom","Tunisia",13
"2416","Australia","Turkey",176.291
"2417","Austria","Turkey",1606.208
"2418","Belgium","Turkey",1712
"2419","Brazil","Turkey",2
"2420","Canada","Turkey",1078.304
"2421","Chile","Turkey",69.503
"2422","Chinese Taipei","Turkey",847
"2423","Denmark","Turkey",1812
"2424","France","Turkey",25384
"2425","Greece","Turkey",108
"2426","India","Turkey",684.659
"2427","Ireland","Turkey",71.837
"2428","Italy","Turkey",23464.316
"2429","Japan","Turkey",20210.81
"2430","Panama","Turkey",4
"2431","South Korea","Turkey",2910.437
"2432","Spain","Turkey",43632.612
"2433","Sweden","Turkey",1507.981
"2434","Switzerland","Turkey",9824.424
"2435","Turkey","Turkey",719831.692
"2436","United Kingdom","Turkey",24196
"2437","United States","Turkey",24433
"2438","Austria","Turkmenistan",0.599
"2439","Chinese Taipei","Turkmenistan",12
"2440","France","Turkmenistan",35
"2441","Japan","Turkmenistan",952.7
"2442","Spain","Turkmenistan",0.57
"2443","Switzerland","Turkmenistan",28.429
"2444","Turkey","Turkmenistan",21.773
"2445","Australia","Turks and Caicos Islands",0.01
"2446","Austria","Turks and Caicos Islands",0.002
"2447","Canada","Turks and Caicos Islands",33.498
"2448","Denmark","Turks and Caicos Islands",6
"2449","France","Turks and Caicos Islands",29
"2450","Ireland","Turks and Caicos Islands",0.004
"2451","Switzerland","Turks and Caicos Islands",221.712
"2452","Turkey","Turks and Caicos Islands",0.004
"2453","United Kingdom","Turks and Caicos Islands",66
"2454","Chinese Taipei","Tuvalu",3
"2455","Australia","Uganda",0.362
"2456","Austria","Uganda",4.054
"2457","Belgium","Uganda",1
"2458","Canada","Uganda",1.538
"2459","France","Uganda",200
"2460","Italy","Uganda",2.475
"2461","Spain","Uganda",0.418
"2462","Sweden","Uganda",20.764
"2463","Switzerland","Uganda",67.842
"2464","Turkey","Uganda",0.002
"2465","United Kingdom","Uganda",787
"2466","Australia","Ukraine",0.453
"2467","Austria","Ukraine",1099.831
"2468","Belgium","Ukraine",11
"2469","Canada","Ukraine",0.752
"2470","Denmark","Ukraine",21
"2471","France","Ukraine",1935
"2472","Greece","Ukraine",90
"2473","Ireland","Ukraine",0.395
"2474","Japan","Ukraine",81
"2475","Spain","Ukraine",59.76
"2476","Switzerland","Ukraine",484.736
"2477","Turkey","Ukraine",1.33
"2478","United Kingdom","Ukraine",40
"2479","Australia","Unallocated location",1.562
"2480","Austria","Unallocated location",7.264
"2481","Canada","Unallocated location",450.558
"2482","Denmark","Unallocated location",13713
"2483","India","Unallocated location",5172.847
"2484","Italy","Unallocated location",17.457
"2485","Mexico","Unallocated location",-656.615
"2486","Sweden","Unallocated location",90.17
"2487","Switzerland","Unallocated location",17176.583
"2488","Turkey","Unallocated location",590.215
"2489","United Kingdom","Unallocated location",35
"2490","Australia","United Arab Emirates",3434.902
"2491","Austria","United Arab Emirates",387.347
"2492","Belgium","United Arab Emirates",735
"2493","Brazil","United Arab Emirates",5
"2494","Canada","United Arab Emirates",411.405
"2495","Chinese Taipei","United Arab Emirates",3516
"2496","Denmark","United Arab Emirates",170
"2497","Finland","United Arab Emirates",5
"2498","France","United Arab Emirates",25010
"2499","Greece","United Arab Emirates",54
"2500","India","United Arab Emirates",13178.139
"2501","Ireland","United Arab Emirates",30.085
"2502","Italy","United Arab Emirates",6336.498
"2503","Japan","United Arab Emirates",12967.183
"2504","Panama","United Arab Emirates",1
"2505","South Korea","United Arab Emirates",4867.626
"2506","Spain","United Arab Emirates",1601.226
"2507","Sweden","United Arab Emirates",1252.383
"2508","Switzerland","United Arab Emirates",20078.507
"2509","Turkey","United Arab Emirates",73.032
"2510","United Kingdom","United Arab Emirates",47806
"2511","United States","United Arab Emirates",19505
"2512","Australia","United Kingdom",63674.371
"2513","Austria","United Kingdom",19091.123
"2514","Belgium","United Kingdom",21385
"2515","Brazil","United Kingdom",22790
"2516","Canada","United Kingdom",111126.396
"2517","Chile","United Kingdom",1099.579
"2518","Chinese Taipei","United Kingdom",15553
"2519","Denmark","United Kingdom",19919
"2520","Finland","United Kingdom",2573
"2521","France","United Kingdom",405808
"2522","Germany","United Kingdom",397016
"2523","Greece","United Kingdom",9210
"2524","India","United Kingdom",9791.476
"2525","Ireland","United Kingdom",9164.593
"2526","Italy","United Kingdom",97386.856
"2527","Japan","United Kingdom",194337.896
"2528","Mexico","United Kingdom",6.066
"2529","Netherlands","United Kingdom",88029.558
"2530","Panama","United Kingdom",101
"2531","Portugal","United Kingdom",3125.131
"2532","South Korea","United Kingdom",7106.579
"2533","Spain","United Kingdom",120809.622
"2534","Switzerland","United Kingdom",158008.637
"2535","Turkey","United Kingdom",3474.723
"2536","United Kingdom","United Kingdom",410635
"2537","United States","United Kingdom",324693
"2538","Australia","United States",62913.037
"2539","Austria","United States",11432.699
"2540","Belgium","United States",12424
"2541","Brazil","United States",21067
"2542","Canada","United States",352125.067
"2543","Chile","United States",3525.728
"2544","Chinese Taipei","United States",39308
"2545","Denmark","United States",13263
"2546","Finland","United States",254
"2547","France","United States",306830
"2548","Germany","United States",309493
"2549","Greece","United States",1588
"2550","India","United States",61670.421
"2551","Ireland","United States",6670.865
"2552","Italy","United States",45385.728
"2553","Japan","United States",1007170.077
"2554","Mexico","United States",3680.239
"2555","Netherlands","United States",116914.585
"2556","Panama","United States",8876
"2557","Portugal","United States",5207.091
"2558","South Korea","United States",49547.274
"2559","Spain","United States",75483.207
"2560","Sweden","United States",21705.53
"2561","Switzerland","United States",290629.689
"2562","Turkey","United States",2453.273
"2563","United Kingdom","United States",608386
"2564","United States","United States",558060
"2565","Australia","Uruguay",31.621
"2566","Austria","Uruguay",1.042
"2567","Belgium","Uruguay",3
"2568","Denmark","Uruguay",17
"2569","France","Uruguay",640
"2570","Ireland","Uruguay",14.681
"2571","Japan","Uruguay",943.8
"2572","Spain","Uruguay",7602.07
"2573","Sweden","Uruguay",99.784
"2574","Switzerland","Uruguay",572.02
"2575","United Kingdom","Uruguay",1351
"2576","Austria","US Pacific Islands",0.529
"2577","United Kingdom","US Pacific Islands",5
"2578","Australia","Uzbekistan",0.008
"2579","Austria","Uzbekistan",26.333
"2580","Belgium","Uzbekistan",2
"2581","France","Uzbekistan",33
"2582","Italy","Uzbekistan",31.864
"2583","Japan","Uzbekistan",93.6
"2584","Spain","Uzbekistan",4.417
"2585","Sweden","Uzbekistan",219.436
"2586","Switzerland","Uzbekistan",225.973
"2587","Turkey","Uzbekistan",63.134
"2588","United Kingdom","Uzbekistan",8
"2589","Australia","Vanuatu",77.427
"2590","Chinese Taipei","Vanuatu",32
"2591","France","Vanuatu",10
"2592","Switzerland","Vanuatu",46.834
"2593","United Kingdom","Vanuatu",4
"2594","Australia","Vatican City State",0.536
"2595","France","Vatican City State",2
"2596","Ireland","Vatican City State",0.162
"2597","Switzerland","Vatican City State",501.222
"2598","United Kingdom","Vatican City State",17
"2599","Australia","Venezuela",0.248
"2600","Austria","Venezuela",0.935
"2601","Canada","Venezuela",19.252
"2602","Chinese Taipei","Venezuela",1
"2603","Denmark","Venezuela",5
"2604","France","Venezuela",992
"2605","Japan","Venezuela",103.9
"2606","Mexico","Venezuela",20
"2607","Portugal","Venezuela",55.526
"2608","Spain","Venezuela",1607.198
"2609","Sweden","Venezuela",60.169
"2610","Switzerland","Venezuela",872.408
"2611","United Kingdom","Venezuela",174
"2612","Australia","Vietnam",838.549
"2613","Austria","Vietnam",332.698
"2614","Belgium","Vietnam",45
"2615","Canada","Vietnam",43.418
"2616","Chinese Taipei","Vietnam",4806
"2617","Denmark","Vietnam",16
"2618","France","Vietnam",4088
"2619","Ireland","Vietnam",0.014
"2620","Italy","Vietnam",509.94
"2621","Japan","Vietnam",14017.206
"2622","Spain","Vietnam",27.693
"2623","Sweden","Vietnam",155.126
"2624","Switzerland","Vietnam",1491.671
"2625","Turkey","Vietnam",0.005
"2626","United Kingdom","Vietnam",7256
"2627","Australia","Wallis and Futuna",0.041
"2628","France","Wallis and Futuna",43
"2629","Australia","West Indies UK",1597.91
"2630","Austria","West Indies UK",312.212
"2631","Belgium","West Indies UK",38
"2632","Canada","West Indies UK",4320.491
"2633","Chinese Taipei","West Indies UK",12989
"2634","Denmark","West Indies UK",45
"2635","France","West Indies UK",5558
"2636","Greece","West Indies UK",646
"2637","Ireland","West Indies UK",3.935
"2638","Italy","West Indies UK",531.32
"2639","Spain","West Indies UK",3403.389
"2640","Sweden","West Indies UK",272.232
"2641","Switzerland","West Indies UK",132641.572
"2642","Turkey","West Indies UK",1388.005
"2643","United Kingdom","West Indies UK",15705
"2644","Australia","Yemen",1.013
"2645","Austria","Yemen",0.008
"2646","Chinese Taipei","Yemen",2
"2647","France","Yemen",380
"2648","Sweden","Yemen",0.194
"2649","Switzerland","Yemen",0.056
"2650","Turkey","Yemen",0.001
"2651","United Kingdom","Yemen",110
"2652","Australia","Zambia",4.515
"2653","Austria","Zambia",0.009
"2654","Belgium","Zambia",5
"2655","Denmark","Zambia",1
"2656","France","Zambia",228
"2657","Greece","Zambia",1
"2658","Ireland","Zambia",0.366
"2659","Japan","Zambia",16.2
"2660","Spain","Zambia",0.279
"2661","Sweden","Zambia",199.182
"2662","Switzerland","Zambia",105.302
"2663","United Kingdom","Zambia",1343
"2664","Australia","Zimbabwe",2.358
"2665","Austria","Zimbabwe",0.202
"2666","Belgium","Zimbabwe",1
"2667","France","Zimbabwe",24
"2668","Ireland","Zimbabwe",0.401
"2669","Spain","Zimbabwe",0.295
"2670","Sweden","Zimbabwe",0.473
"2671","Switzerland","Zimbabwe",57.092
"2672","United Kingdom","Zimbabwe",288
